file,line,type,commit,author,date,time,timezone,datetime,depth,length
style.css,1,css,3f99e620,nkanthed06,2026-04-03,01:24:07,-07:00,2026-04-03T01:24:07-07:00,0,4
style.css,2,css,6adcca11,nkanthed06,2026-04-10,14:53:12,-07:00,2026-04-10T14:53:12-07:00,1,15
style.css,3,css,6adcca11,nkanthed06,2026-04-10,14:53:12,-07:00,2026-04-10T14:53:12-07:00,1,18
style.css,4,css,6adcca11,nkanthed06,2026-04-10,14:53:12,-07:00,2026-04-10T14:53:12-07:00,1,19
style.css,5,css,6adcca11,nkanthed06,2026-04-10,14:53:12,-07:00,2026-04-10T14:53:12-07:00,0,0
style.css,6,css,6adcca11,nkanthed06,2026-04-10,14:53:12,-07:00,2026-04-10T14:53:12-07:00,0,0
style.css,7,css,6adcca11,nkanthed06,2026-04-10,14:53:12,-07:00,2026-04-10T14:53:12-07:00,0,3
style.css,8,css,6adcca11,nkanthed06,2026-04-10,14:53:12,-07:00,2026-04-10T14:53:12-07:00,1,15
style.css,9,css,6adcca11,nkanthed06,2026-04-10,14:53:12,-07:00,2026-04-10T14:53:12-07:00,1,10
style.css,10,css,6adcca11,nkanthed06,2026-04-10,14:53:12,-07:00,2026-04-10T14:53:12-07:00,1,11
style.css,11,css,6adcca11,nkanthed06,2026-04-10,14:53:12,-07:00,2026-04-10T14:53:12-07:00,1,12
style.css,12,css,6adcca11,nkanthed06,2026-04-10,14:53:12,-07:00,2026-04-10T14:53:12-07:00,0,0
style.css,13,css,6adcca11,nkanthed06,2026-04-10,14:53:12,-07:00,2026-04-10T14:53:12-07:00,0,0
style.css,14,css,6adcca11,nkanthed06,2026-04-10,14:53:12,-07:00,2026-04-10T14:53:12-07:00,0,3
style.css,15,css,6adcca11,nkanthed06,2026-04-10,14:53:12,-07:00,2026-04-10T14:53:12-07:00,1,12
style.css,16,css,6adcca11,nkanthed06,2026-04-10,14:53:12,-07:00,2026-04-10T14:53:12-07:00,1,18
style.css,17,css,6adcca11,nkanthed06,2026-04-10,14:53:12,-07:00,2026-04-10T14:53:12-07:00,1,41
style.css,18,css,6adcca11,nkanthed06,2026-04-10,14:53:12,-07:00,2026-04-10T14:53:12-07:00,0,0
style.css,19,css,6adcca11,nkanthed06,2026-04-10,14:53:12,-07:00,2026-04-10T14:53:12-07:00,0,0
style.css,20,css,6adcca11,nkanthed06,2026-04-10,14:53:12,-07:00,2026-04-10T14:53:12-07:00,0,5
style.css,21,css,6adcca11,nkanthed06,2026-04-10,14:53:12,-07:00,2026-04-10T14:53:12-07:00,1,6
style.css,22,css,6adcca11,nkanthed06,2026-04-10,14:53:12,-07:00,2026-04-10T14:53:12-07:00,1,20
style.css,23,css,6adcca11,nkanthed06,2026-04-10,14:53:12,-07:00,2026-04-10T14:53:12-07:00,1,13
style.css,24,css,6adcca11,nkanthed06,2026-04-10,14:53:12,-07:00,2026-04-10T14:53:12-07:00,1,17
style.css,25,css,6adcca11,nkanthed06,2026-04-10,14:53:12,-07:00,2026-04-10T14:53:12-07:00,1,13
style.css,26,css,6adcca11,nkanthed06,2026-04-10,14:53:12,-07:00,2026-04-10T14:53:12-07:00,1,15
style.css,27,css,6adcca11,nkanthed06,2026-04-10,14:53:12,-07:00,2026-04-10T14:53:12-07:00,0,0
style.css,28,css,6adcca11,nkanthed06,2026-04-10,14:53:12,-07:00,2026-04-10T14:53:12-07:00,0,0
style.css,29,css,6adcca11,nkanthed06,2026-04-10,14:53:12,-07:00,2026-04-10T14:53:12-07:00,0,13
style.css,30,css,6adcca11,nkanthed06,2026-04-10,14:53:12,-07:00,2026-04-10T14:53:12-07:00,1,43
style.css,31,css,6adcca11,nkanthed06,2026-04-10,14:53:12,-07:00,2026-04-10T14:53:12-07:00,1,20
style.css,32,css,6adcca11,nkanthed06,2026-04-10,14:53:12,-07:00,2026-04-10T14:53:12-07:00,0,0
style.css,33,css,6adcca11,nkanthed06,2026-04-10,14:53:12,-07:00,2026-04-10T14:53:12-07:00,0,5
style.css,34,css,6adcca11,nkanthed06,2026-04-10,14:53:12,-07:00,2026-04-10T14:53:12-07:00,1,31
style.css,35,css,6adcca11,nkanthed06,2026-04-10,14:53:12,-07:00,2026-04-10T14:53:12-07:00,0,0
style.css,36,css,6adcca11,nkanthed06,2026-04-10,14:53:12,-07:00,2026-04-10T14:53:12-07:00,0,0
style.css,37,css,6adcca11,nkanthed06,2026-04-10,14:53:12,-07:00,2026-04-10T14:53:12-07:00,0,4
style.css,38,css,6adcca11,nkanthed06,2026-04-10,14:53:12,-07:00,2026-04-10T14:53:12-07:00,1,32
style.css,39,css,6adcca11,nkanthed06,2026-04-10,14:53:12,-07:00,2026-04-10T14:53:12-07:00,0,0
style.css,40,css,6adcca11,nkanthed06,2026-04-10,14:53:12,-07:00,2026-04-10T14:53:12-07:00,0,11
style.css,41,css,6adcca11,nkanthed06,2026-04-10,14:53:12,-07:00,2026-04-10T14:53:12-07:00,1,45
style.css,42,css,6adcca11,nkanthed06,2026-04-10,14:53:12,-07:00,2026-04-10T14:53:12-07:00,0,0
style.css,43,css,6adcca11,nkanthed06,2026-04-10,14:53:12,-07:00,2026-04-10T14:53:12-07:00,0,4
style.css,44,css,6adcca11,nkanthed06,2026-04-10,14:53:12,-07:00,2026-04-10T14:53:12-07:00,0,7
style.css,45,css,6adcca11,nkanthed06,2026-04-10,14:53:12,-07:00,2026-04-10T14:53:12-07:00,0,6
style.css,46,css,6adcca11,nkanthed06,2026-04-10,14:53:12,-07:00,2026-04-10T14:53:12-07:00,1,12
style.css,47,css,6adcca11,nkanthed06,2026-04-10,14:53:12,-07:00,2026-04-10T14:53:12-07:00,1,10
style.css,48,css,6adcca11,nkanthed06,2026-04-10,14:53:12,-07:00,2026-04-10T14:53:12-07:00,1,21
style.css,49,css,6adcca11,nkanthed06,2026-04-10,14:53:12,-07:00,2026-04-10T14:53:12-07:00,0,0
style.css,50,css,6adcca11,nkanthed06,2026-04-10,14:53:12,-07:00,2026-04-10T14:53:12-07:00,0,0
style.css,51,css,6adcca11,nkanthed06,2026-04-10,14:53:12,-07:00,2026-04-10T14:53:12-07:00,0,0
style.css,52,css,6adcca11,nkanthed06,2026-04-10,14:53:12,-07:00,2026-04-10T14:53:12-07:00,0,4
style.css,53,css,6adcca11,nkanthed06,2026-04-10,14:53:12,-07:00,2026-04-10T14:53:12-07:00,1,12
style.css,54,css,6adcca11,nkanthed06,2026-04-10,14:53:12,-07:00,2026-04-10T14:53:12-07:00,1,30
style.css,55,css,6adcca11,nkanthed06,2026-04-10,14:53:12,-07:00,2026-04-10T14:53:12-07:00,1,8
style.css,56,css,6adcca11,nkanthed06,2026-04-10,14:53:12,-07:00,2026-04-10T14:53:12-07:00,0,0
style.css,57,css,6adcca11,nkanthed06,2026-04-10,14:53:12,-07:00,2026-04-10T14:53:12-07:00,0,0
style.css,58,css,6adcca11,nkanthed06,2026-04-10,14:53:12,-07:00,2026-04-10T14:53:12-07:00,0,5
style.css,59,css,6adcca11,nkanthed06,2026-04-10,14:53:12,-07:00,2026-04-10T14:53:12-07:00,1,16
style.css,60,css,6adcca11,nkanthed06,2026-04-10,14:53:12,-07:00,2026-04-10T14:53:12-07:00,0,0
style.css,61,css,6adcca11,nkanthed06,2026-04-10,14:53:12,-07:00,2026-04-10T14:53:12-07:00,0,0
style.css,62,css,6adcca11,nkanthed06,2026-04-10,14:53:12,-07:00,2026-04-10T14:53:12-07:00,0,4
style.css,63,css,6adcca11,nkanthed06,2026-04-10,14:53:12,-07:00,2026-04-10T14:53:12-07:00,0,7
style.css,64,css,6adcca11,nkanthed06,2026-04-10,14:53:12,-07:00,2026-04-10T14:53:12-07:00,0,6
style.css,65,css,6adcca11,nkanthed06,2026-04-10,14:53:12,-07:00,2026-04-10T14:53:12-07:00,1,12
style.css,66,css,6adcca11,nkanthed06,2026-04-10,14:53:12,-07:00,2026-04-10T14:53:12-07:00,1,10
style.css,67,css,6adcca11,nkanthed06,2026-04-10,14:53:12,-07:00,2026-04-10T14:53:12-07:00,1,21
style.css,68,css,6adcca11,nkanthed06,2026-04-10,14:53:12,-07:00,2026-04-10T14:53:12-07:00,0,0
style.css,69,css,6adcca11,nkanthed06,2026-04-10,14:53:12,-07:00,2026-04-10T14:53:12-07:00,0,0
style.css,70,css,6adcca11,nkanthed06,2026-04-10,14:53:12,-07:00,2026-04-10T14:53:12-07:00,0,8
style.css,71,css,6adcca11,nkanthed06,2026-04-10,14:53:12,-07:00,2026-04-10T14:53:12-07:00,1,13
style.css,72,css,6adcca11,nkanthed06,2026-04-10,14:53:12,-07:00,2026-04-10T14:53:12-07:00,0,0
style.css,73,css,6adcca11,nkanthed06,2026-04-10,14:53:12,-07:00,2026-04-10T14:53:12-07:00,0,0
style.css,74,css,6adcca11,nkanthed06,2026-04-10,14:53:12,-07:00,2026-04-10T14:53:12-07:00,0,6
style.css,75,css,6adcca11,nkanthed06,2026-04-10,14:53:12,-07:00,2026-04-10T14:53:12-07:00,1,18
style.css,76,css,6adcca11,nkanthed06,2026-04-10,14:53:12,-07:00,2026-04-10T14:53:12-07:00,0,0
style.css,77,css,6adcca11,nkanthed06,2026-04-10,14:53:12,-07:00,2026-04-10T14:53:12-07:00,0,0
style.css,78,css,6adcca11,nkanthed06,2026-04-10,14:53:12,-07:00,2026-04-10T14:53:12-07:00,0,9
style.css,79,css,6adcca11,nkanthed06,2026-04-10,14:53:12,-07:00,2026-04-10T14:53:12-07:00,1,12
style.css,80,css,6adcca11,nkanthed06,2026-04-10,14:53:12,-07:00,2026-04-10T14:53:12-07:00,1,58
style.css,81,css,6adcca11,nkanthed06,2026-04-10,14:53:12,-07:00,2026-04-10T14:53:12-07:00,1,8
style.css,82,css,6adcca11,nkanthed06,2026-04-10,14:53:12,-07:00,2026-04-10T14:53:12-07:00,0,0
style.css,83,css,6adcca11,nkanthed06,2026-04-10,14:53:12,-07:00,2026-04-10T14:53:12-07:00,0,0
style.css,84,css,6adcca11,nkanthed06,2026-04-10,14:53:12,-07:00,2026-04-10T14:53:12-07:00,0,22
style.css,85,css,6adcca11,nkanthed06,2026-04-10,14:53:12,-07:00,2026-04-10T14:53:12-07:00,1,15
style.css,86,css,6adcca11,nkanthed06,2026-04-10,14:53:12,-07:00,2026-04-10T14:53:12-07:00,1,17
style.css,87,css,6adcca11,nkanthed06,2026-04-10,14:53:12,-07:00,2026-04-10T14:53:12-07:00,0,0
style.css,88,css,6adcca11,nkanthed06,2026-04-10,14:53:12,-07:00,2026-04-10T14:53:12-07:00,0,0
style.css,89,css,6adcca11,nkanthed06,2026-04-10,14:53:12,-07:00,2026-04-10T14:53:12-07:00,0,2
style.css,90,css,6adcca11,nkanthed06,2026-04-10,14:53:12,-07:00,2026-04-10T14:53:12-07:00,1,14
style.css,91,css,fb6eb62c,nkanthed06,2026-04-16,16:10:22,-07:00,2026-04-16T16:10:22-07:00,0,0
style.css,92,css,fb6eb62c,nkanthed06,2026-04-16,16:10:22,-07:00,2026-04-16T16:10:22-07:00,0,0
style.css,93,css,fb6eb62c,nkanthed06,2026-04-16,16:10:22,-07:00,2026-04-16T16:10:22-07:00,0,29
style.css,94,css,fb6eb62c,nkanthed06,2026-04-16,16:10:22,-07:00,2026-04-16T16:10:22-07:00,0,4
style.css,95,css,fb6eb62c,nkanthed06,2026-04-16,16:10:22,-07:00,2026-04-16T16:10:22-07:00,1,23
style.css,96,css,fb6eb62c,nkanthed06,2026-04-16,16:10:22,-07:00,2026-04-16T16:10:22-07:00,0,0
style.css,97,css,fb6eb62c,nkanthed06,2026-04-16,16:10:22,-07:00,2026-04-16T16:10:22-07:00,0,0
style.css,98,css,fb6eb62c,nkanthed06,2026-04-16,16:10:22,-07:00,2026-04-16T16:10:22-07:00,0,3
style.css,99,css,fb6eb62c,nkanthed06,2026-04-16,16:10:22,-07:00,2026-04-16T16:10:22-07:00,1,39
style.css,100,css,fb6eb62c,nkanthed06,2026-04-16,16:10:22,-07:00,2026-04-16T16:10:22-07:00,1,39
style.css,101,css,fb6eb62c,nkanthed06,2026-04-16,16:10:22,-07:00,2026-04-16T16:10:22-07:00,0,0
style.css,102,css,fb6eb62c,nkanthed06,2026-04-16,16:10:22,-07:00,2026-04-16T16:10:22-07:00,0,0
style.css,103,css,fb6eb62c,nkanthed06,2026-04-16,16:10:22,-07:00,2026-04-16T16:10:22-07:00,0,13
style.css,104,css,fb6eb62c,nkanthed06,2026-04-16,16:10:22,-07:00,2026-04-16T16:10:22-07:00,1,39
style.css,105,css,fb6eb62c,nkanthed06,2026-04-16,16:10:22,-07:00,2026-04-16T16:10:22-07:00,0,0
style.css,106,css,fb6eb62c,nkanthed06,2026-04-16,16:10:22,-07:00,2026-04-16T16:10:22-07:00,0,0
style.css,107,css,fb6eb62c,nkanthed06,2026-04-16,16:10:22,-07:00,2026-04-16T16:10:22-07:00,0,46
style.css,108,css,fb6eb62c,nkanthed06,2026-04-16,16:10:22,-07:00,2026-04-16T16:10:22-07:00,0,13
style.css,109,css,fb6eb62c,nkanthed06,2026-04-16,16:10:22,-07:00,2026-04-16T16:10:22-07:00,1,17
style.css,110,css,fb6eb62c,nkanthed06,2026-04-16,16:10:22,-07:00,2026-04-16T16:10:22-07:00,1,8
style.css,111,css,fb6eb62c,nkanthed06,2026-04-16,16:10:22,-07:00,2026-04-16T16:10:22-07:00,1,10
style.css,112,css,fb6eb62c,nkanthed06,2026-04-16,16:10:22,-07:00,2026-04-16T16:10:22-07:00,1,13
style.css,113,css,fb6eb62c,nkanthed06,2026-04-16,16:10:22,-07:00,2026-04-16T16:10:22-07:00,1,19
style.css,114,css,fb6eb62c,nkanthed06,2026-04-16,16:10:22,-07:00,2026-04-16T16:10:22-07:00,0,0
style.css,115,css,fb6eb62c,nkanthed06,2026-04-16,16:10:22,-07:00,2026-04-16T16:10:22-07:00,0,0
style.css,116,css,fb6eb62c,nkanthed06,2026-04-16,16:10:22,-07:00,2026-04-16T16:10:22-07:00,0,0
style.css,117,css,fb6eb62c,nkanthed06,2026-04-16,16:10:22,-07:00,2026-04-16T16:10:22-07:00,0,31
style.css,118,css,fb6eb62c,nkanthed06,2026-04-16,16:10:22,-07:00,2026-04-16T16:10:22-07:00,1,12
style.css,119,css,066b960f,nkanthed06,2026-04-24,19:42:35,-07:00,2026-04-24T19:42:35-07:00,0,0
style.css,120,css,066b960f,nkanthed06,2026-04-24,19:42:35,-07:00,2026-04-24T19:42:35-07:00,0,0
style.css,121,css,066b960f,nkanthed06,2026-04-24,19:42:35,-07:00,2026-04-24T19:42:35-07:00,0,17
style.css,122,css,066b960f,nkanthed06,2026-04-24,19:42:35,-07:00,2026-04-24T19:42:35-07:00,1,12
style.css,123,css,066b960f,nkanthed06,2026-04-24,19:42:35,-07:00,2026-04-24T19:42:35-07:00,1,36
style.css,124,css,066b960f,nkanthed06,2026-04-24,19:42:35,-07:00,2026-04-24T19:42:35-07:00,0,0
style.css,125,css,066b960f,nkanthed06,2026-04-24,19:42:35,-07:00,2026-04-24T19:42:35-07:00,0,0
style.css,126,css,066b960f,nkanthed06,2026-04-24,19:42:35,-07:00,2026-04-24T19:42:35-07:00,0,17
style.css,127,css,066b960f,nkanthed06,2026-04-24,19:42:35,-07:00,2026-04-24T19:42:35-07:00,1,10
style.css,128,css,066b960f,nkanthed06,2026-04-24,19:42:35,-07:00,2026-04-24T19:42:35-07:00,1,17
style.css,129,css,066b960f,nkanthed06,2026-04-24,19:42:35,-07:00,2026-04-24T19:42:35-07:00,1,24
style.css,130,css,066b960f,nkanthed06,2026-04-24,19:42:35,-07:00,2026-04-24T19:42:35-07:00,1,10
style.css,131,css,066b960f,nkanthed06,2026-04-24,19:42:35,-07:00,2026-04-24T19:42:35-07:00,0,0
style.css,132,css,066b960f,nkanthed06,2026-04-24,19:42:35,-07:00,2026-04-24T19:42:35-07:00,0,0
style.css,133,css,066b960f,nkanthed06,2026-04-24,19:42:35,-07:00,2026-04-24T19:42:35-07:00,0,17
style.css,134,css,066b960f,nkanthed06,2026-04-24,19:42:35,-07:00,2026-04-24T19:42:35-07:00,1,10
style.css,135,css,066b960f,nkanthed06,2026-04-24,19:42:35,-07:00,2026-04-24T19:42:35-07:00,1,14
style.css,136,css,066b960f,nkanthed06,2026-04-24,19:42:35,-07:00,2026-04-24T19:42:35-07:00,1,16
style.css,137,css,066b960f,nkanthed06,2026-04-24,19:42:35,-07:00,2026-04-24T19:42:35-07:00,1,8
style.css,138,css,04ed6c58,nkanthed06,2026-05-01,14:11:36,-07:00,2026-05-01T14:11:36-07:00,0,0
style.css,139,css,04ed6c58,nkanthed06,2026-05-01,14:11:36,-07:00,2026-05-01T14:11:36-07:00,0,0
style.css,140,css,04ed6c58,nkanthed06,2026-05-01,14:11:36,-07:00,2026-05-01T14:11:36-07:00,0,13
style.css,141,css,04ed6c58,nkanthed06,2026-05-01,14:11:36,-07:00,2026-05-01T14:11:36-07:00,1,30
style.css,142,css,04ed6c58,nkanthed06,2026-05-01,14:11:36,-07:00,2026-05-01T14:11:36-07:00,1,34
style.css,143,css,04ed6c58,nkanthed06,2026-05-01,14:11:36,-07:00,2026-05-01T14:11:36-07:00,1,10
style.css,144,css,04ed6c58,nkanthed06,2026-05-01,14:11:36,-07:00,2026-05-01T14:11:36-07:00,0,0
style.css,145,css,04ed6c58,nkanthed06,2026-05-01,14:11:36,-07:00,2026-05-01T14:11:36-07:00,0,0
style.css,146,css,04ed6c58,nkanthed06,2026-05-01,14:11:36,-07:00,2026-05-01T14:11:36-07:00,0,18
style.css,147,css,04ed6c58,nkanthed06,2026-05-01,14:11:36,-07:00,2026-05-01T14:11:36-07:00,1,14
style.css,148,css,04ed6c58,nkanthed06,2026-05-01,14:11:36,-07:00,2026-05-01T14:11:36-07:00,1,16
style.css,149,css,04ed6c58,nkanthed06,2026-05-01,14:11:36,-07:00,2026-05-01T14:11:36-07:00,1,16
style.css,150,css,04ed6c58,nkanthed06,2026-05-01,14:11:36,-07:00,2026-05-01T14:11:36-07:00,0,0
style.css,151,css,04ed6c58,nkanthed06,2026-05-01,14:11:36,-07:00,2026-05-01T14:11:36-07:00,0,7
style.css,152,css,04ed6c58,nkanthed06,2026-05-01,14:11:36,-07:00,2026-05-01T14:11:36-07:00,1,20
style.css,153,css,04ed6c58,nkanthed06,2026-05-01,14:11:36,-07:00,2026-05-01T14:11:36-07:00,1,18
style.css,154,css,04ed6c58,nkanthed06,2026-05-01,14:11:36,-07:00,2026-05-01T14:11:36-07:00,1,9
style.css,155,css,04ed6c58,nkanthed06,2026-05-01,14:11:36,-07:00,2026-05-01T14:11:36-07:00,1,29
style.css,156,css,04ed6c58,nkanthed06,2026-05-01,14:11:36,-07:00,2026-05-01T14:11:36-07:00,1,17
style.css,157,css,04ed6c58,nkanthed06,2026-05-01,14:11:36,-07:00,2026-05-01T14:11:36-07:00,0,0
style.css,158,css,04ed6c58,nkanthed06,2026-05-01,14:11:36,-07:00,2026-05-01T14:11:36-07:00,0,0
style.css,159,css,04ed6c58,nkanthed06,2026-05-01,14:11:36,-07:00,2026-05-01T14:11:36-07:00,0,7
style.css,160,css,04ed6c58,nkanthed06,2026-05-01,14:11:36,-07:00,2026-05-01T14:11:36-07:00,1,12
style.css,161,css,04ed6c58,nkanthed06,2026-05-01,14:11:36,-07:00,2026-05-01T14:11:36-07:00,1,57
style.css,162,css,04ed6c58,nkanthed06,2026-05-01,14:11:36,-07:00,2026-05-01T14:11:36-07:00,1,7
style.css,163,css,04ed6c58,nkanthed06,2026-05-01,14:11:36,-07:00,2026-05-01T14:11:36-07:00,1,21
style.css,164,css,04ed6c58,nkanthed06,2026-05-01,14:11:36,-07:00,2026-05-01T14:11:36-07:00,1,11
style.css,165,css,04ed6c58,nkanthed06,2026-05-01,14:11:36,-07:00,2026-05-01T14:11:36-07:00,1,10
style.css,166,css,04ed6c58,nkanthed06,2026-05-01,14:11:36,-07:00,2026-05-01T14:11:36-07:00,1,15
style.css,167,css,04ed6c58,nkanthed06,2026-05-01,14:11:36,-07:00,2026-05-01T14:11:36-07:00,0,0
style.css,168,css,04ed6c58,nkanthed06,2026-05-01,14:11:36,-07:00,2026-05-01T14:11:36-07:00,0,0
style.css,169,css,04ed6c58,nkanthed06,2026-05-01,14:11:36,-07:00,2026-05-01T14:11:36-07:00,0,12
style.css,170,css,04ed6c58,nkanthed06,2026-05-01,14:11:36,-07:00,2026-05-01T14:11:36-07:00,1,12
style.css,171,css,04ed6c58,nkanthed06,2026-05-01,14:11:36,-07:00,2026-05-01T14:11:36-07:00,1,18
style.css,172,css,04ed6c58,nkanthed06,2026-05-01,14:11:36,-07:00,2026-05-01T14:11:36-07:00,1,9
style.css,173,css,04ed6c58,nkanthed06,2026-05-01,14:11:36,-07:00,2026-05-01T14:11:36-07:00,0,0
style.css,174,css,04ed6c58,nkanthed06,2026-05-01,14:11:36,-07:00,2026-05-01T14:11:36-07:00,0,0
style.css,175,css,04ed6c58,nkanthed06,2026-05-01,14:11:36,-07:00,2026-05-01T14:11:36-07:00,0,10
style.css,176,css,04ed6c58,nkanthed06,2026-05-01,14:11:36,-07:00,2026-05-01T14:11:36-07:00,1,12
style.css,177,css,04ed6c58,nkanthed06,2026-05-01,14:11:36,-07:00,2026-05-01T14:11:36-07:00,1,18
style.css,178,css,04ed6c58,nkanthed06,2026-05-01,14:11:36,-07:00,2026-05-01T14:11:36-07:00,1,7
style.css,179,css,04ed6c58,nkanthed06,2026-05-01,14:11:36,-07:00,2026-05-01T14:11:36-07:00,0,0
style.css,180,css,04ed6c58,nkanthed06,2026-05-01,14:11:36,-07:00,2026-05-01T14:11:36-07:00,0,18
style.css,181,css,04ed6c58,nkanthed06,2026-05-01,14:11:36,-07:00,2026-05-01T14:11:36-07:00,1,6
style.css,182,css,04ed6c58,nkanthed06,2026-05-01,14:11:36,-07:00,2026-05-01T14:11:36-07:00,0,0
style.css,183,css,04ed6c58,nkanthed06,2026-05-01,14:11:36,-07:00,2026-05-01T14:11:36-07:00,0,0
style.css,184,css,04ed6c58,nkanthed06,2026-05-01,14:11:36,-07:00,2026-05-01T14:11:36-07:00,0,51
style.css,185,css,04ed6c58,nkanthed06,2026-05-01,14:11:36,-07:00,2026-05-01T14:11:36-07:00,1,11
style.css,186,css,04ed6c58,nkanthed06,2026-05-01,14:11:36,-07:00,2026-05-01T14:11:36-07:00,0,0
style.css,187,css,04ed6c58,nkanthed06,2026-05-01,14:11:36,-07:00,2026-05-01T14:11:36-07:00,0,0
style.css,188,css,04ed6c58,nkanthed06,2026-05-01,14:11:36,-07:00,2026-05-01T14:11:36-07:00,0,23
style.css,189,css,04ed6c58,nkanthed06,2026-05-01,14:11:36,-07:00,2026-05-01T14:11:36-07:00,1,16
style.css,190,css,04ed6c58,nkanthed06,2026-05-01,14:11:36,-07:00,2026-05-01T14:11:36-07:00,1,14
style.css,191,css,04ed6c58,nkanthed06,2026-05-01,14:11:36,-07:00,2026-05-01T14:11:36-07:00,0,0
style.css,192,css,04ed6c58,nkanthed06,2026-05-01,14:11:36,-07:00,2026-05-01T14:11:36-07:00,0,0
style.css,193,css,04ed6c58,nkanthed06,2026-05-01,14:11:36,-07:00,2026-05-01T14:11:36-07:00,0,9
style.css,194,css,04ed6c58,nkanthed06,2026-05-01,14:11:36,-07:00,2026-05-01T14:11:36-07:00,1,35
style.css,195,css,04ed6c58,nkanthed06,2026-05-01,14:11:36,-07:00,2026-05-01T14:11:36-07:00,0,0
style.css,196,css,04ed6c58,nkanthed06,2026-05-01,14:11:36,-07:00,2026-05-01T14:11:36-07:00,0,18
style.css,197,css,04ed6c58,nkanthed06,2026-05-01,14:11:36,-07:00,2026-05-01T14:11:36-07:00,1,17
style.css,198,css,6adcca11,nkanthed06,2026-04-10,14:53:12,-07:00,2026-04-10T14:53:12-07:00,0,0
index.js,1,js,066b960f,nkanthed06,2026-04-24,19:42:35,-07:00,2026-04-24T19:42:35-07:00,0,71
index.js,2,js,066b960f,nkanthed06,2026-04-24,19:42:35,-07:00,2026-04-24T19:42:35-07:00,0,0
index.js,3,js,066b960f,nkanthed06,2026-04-24,19:42:35,-07:00,2026-04-24T19:42:35-07:00,0,54
index.js,4,js,066b960f,nkanthed06,2026-04-24,19:42:35,-07:00,2026-04-24T19:42:35-07:00,0,42
index.js,5,js,066b960f,nkanthed06,2026-04-24,19:42:35,-07:00,2026-04-24T19:42:35-07:00,0,60
index.js,6,js,066b960f,nkanthed06,2026-04-24,19:42:35,-07:00,2026-04-24T19:42:35-07:00,0,54
index.js,7,js,066b960f,nkanthed06,2026-04-24,19:42:35,-07:00,2026-04-24T19:42:35-07:00,0,0
index.js,8,js,066b960f,nkanthed06,2026-04-24,19:42:35,-07:00,2026-04-24T19:42:35-07:00,0,53
index.js,9,js,066b960f,nkanthed06,2026-04-24,19:42:35,-07:00,2026-04-24T19:42:35-07:00,0,60
index.js,10,js,066b960f,nkanthed06,2026-04-24,19:42:35,-07:00,2026-04-24T19:42:35-07:00,0,0
index.js,11,js,066b960f,nkanthed06,2026-04-24,19:42:35,-07:00,2026-04-24T19:42:35-07:00,0,17
index.js,12,js,066b960f,nkanthed06,2026-04-24,19:42:35,-07:00,2026-04-24T19:42:35-07:00,1,24
index.js,13,js,066b960f,nkanthed06,2026-04-24,19:42:35,-07:00,2026-04-24T19:42:35-07:00,2,2
index.js,14,js,066b960f,nkanthed06,2026-04-24,19:42:35,-07:00,2026-04-24T19:42:35-07:00,3,55
index.js,15,js,066b960f,nkanthed06,2026-04-24,19:42:35,-07:00,2026-04-24T19:42:35-07:00,3,55
index.js,16,js,066b960f,nkanthed06,2026-04-24,19:42:35,-07:00,2026-04-24T19:42:35-07:00,3,49
index.js,17,js,066b960f,nkanthed06,2026-04-24,19:42:35,-07:00,2026-04-24T19:42:35-07:00,3,49
index.js,18,js,066b960f,nkanthed06,2026-04-24,19:42:35,-07:00,2026-04-24T19:42:35-07:00,2,3
index.js,19,js,066b960f,nkanthed06,2026-04-24,19:42:35,-07:00,2026-04-24T19:42:35-07:00,1,0
index.js,20,js,066b960f,nkanthed06,2026-04-24,19:42:35,-07:00,2026-04-24T19:42:35-07:00,0,0
index.html,1,html,21f10ca3,nkanthed06,2026-04-03,00:42:34,-07:00,2026-04-03T00:42:34-07:00,0,13
index.html,2,html,21f10ca3,nkanthed06,2026-04-03,00:42:34,-07:00,2026-04-03T00:42:34-07:00,0,14
index.html,3,html,21f10ca3,nkanthed06,2026-04-03,00:42:34,-07:00,2026-04-03T00:42:34-07:00,0,4
index.html,4,html,3f99e620,nkanthed06,2026-04-03,01:24:07,-07:00,2026-04-03T01:24:07-07:00,2,38
index.html,5,html,21f10ca3,nkanthed06,2026-04-03,00:42:34,-07:00,2026-04-03T00:42:34-07:00,2,20
index.html,6,html,21f10ca3,nkanthed06,2026-04-03,00:42:34,-07:00,2026-04-03T00:42:34-07:00,2,68
index.html,7,html,21f10ca3,nkanthed06,2026-04-03,00:42:34,-07:00,2026-04-03T00:42:34-07:00,2,50
index.html,8,html,21f10ca3,nkanthed06,2026-04-03,00:42:34,-07:00,2026-04-03T00:42:34-07:00,0,5
index.html,9,html,21f10ca3,nkanthed06,2026-04-03,00:42:34,-07:00,2026-04-03T00:42:34-07:00,0,4
index.html,10,html,21f10ca3,nkanthed06,2026-04-03,00:42:34,-07:00,2026-04-03T00:42:34-07:00,2,2
index.html,11,html,21f10ca3,nkanthed06,2026-04-03,00:42:34,-07:00,2026-04-03T00:42:34-07:00,4,13
index.html,12,html,21f10ca3,nkanthed06,2026-04-03,00:42:34,-07:00,2026-04-03T00:42:34-07:00,2,3
index.html,13,html,21f10ca3,nkanthed06,2026-04-03,00:42:34,-07:00,2026-04-03T00:42:34-07:00,2,1
index.html,14,html,21f10ca3,nkanthed06,2026-04-03,00:42:34,-07:00,2026-04-03T00:42:34-07:00,3,69
index.html,15,html,21f10ca3,nkanthed06,2026-04-03,00:42:34,-07:00,2026-04-03T00:42:34-07:00,4,42
index.html,16,html,21f10ca3,nkanthed06,2026-04-03,00:42:34,-07:00,2026-04-03T00:42:34-07:00,2,2
index.html,17,html,3f99e620,nkanthed06,2026-04-03,01:24:07,-07:00,2026-04-03T01:24:07-07:00,2,58
index.html,18,html,3f99e620,nkanthed06,2026-04-03,01:24:07,-07:00,2026-04-03T01:24:07-07:00,0,0
index.html,19,html,066b960f,nkanthed06,2026-04-24,19:42:35,-07:00,2026-04-24T19:42:35-07:00,2,22
index.html,20,html,066b960f,nkanthed06,2026-04-24,19:42:35,-07:00,2026-04-24T19:42:35-07:00,2,20
index.html,21,html,066b960f,nkanthed06,2026-04-24,19:42:35,-07:00,2026-04-24T19:42:35-07:00,4,34
index.html,22,html,066b960f,nkanthed06,2026-04-24,19:42:35,-07:00,2026-04-24T19:42:35-07:00,2,4
index.html,23,html,066b960f,nkanthed06,2026-04-24,19:42:35,-07:00,2026-04-24T19:42:35-07:00,2,22
index.html,24,html,066b960f,nkanthed06,2026-04-24,19:42:35,-07:00,2026-04-24T19:42:35-07:00,2,28
index.html,25,html,3f99e620,nkanthed06,2026-04-03,01:24:07,-07:00,2026-04-03T01:24:07-07:00,0,0
index.html,26,html,066b960f,nkanthed06,2026-04-24,19:42:35,-07:00,2026-04-24T19:42:35-07:00,2,45
index.html,27,html,066b960f,nkanthed06,2026-04-24,19:42:35,-07:00,2026-04-24T19:42:35-07:00,2,50
index.html,28,html,21f10ca3,nkanthed06,2026-04-03,00:42:34,-07:00,2026-04-03T00:42:34-07:00,0,5
index.html,29,html,066b960f,nkanthed06,2026-04-24,19:42:35,-07:00,2026-04-24T19:42:35-07:00,0,5
index.html,30,html,066b960f,nkanthed06,2026-04-24,19:42:35,-07:00,2026-04-24T19:42:35-07:00,0,0
global.js,1,js,863ed583,nkanthed06,2026-04-16,15:49:28,-07:00,2026-04-16T15:49:28-07:00,0,25
global.js,2,js,863ed583,nkanthed06,2026-04-16,15:49:28,-07:00,2026-04-16T15:49:28-07:00,0,0
global.js,3,js,863ed583,nkanthed06,2026-04-16,15:49:28,-07:00,2026-04-16T15:49:28-07:00,0,41
global.js,4,js,863ed583,nkanthed06,2026-04-16,15:49:28,-07:00,2026-04-16T15:49:28-07:00,1,52
global.js,5,js,863ed583,nkanthed06,2026-04-16,15:49:28,-07:00,2026-04-16T15:49:28-07:00,0,0
global.js,6,js,863ed583,nkanthed06,2026-04-16,15:49:28,-07:00,2026-04-16T15:49:28-07:00,0,0
global.js,7,js,863ed583,nkanthed06,2026-04-16,15:49:28,-07:00,2026-04-16T15:49:28-07:00,0,29
global.js,8,js,863ed583,nkanthed06,2026-04-16,15:49:28,-07:00,2026-04-16T15:49:28-07:00,0,11
global.js,9,js,863ed583,nkanthed06,2026-04-16,15:49:28,-07:00,2026-04-16T15:49:28-07:00,1,35
global.js,10,js,863ed583,nkanthed06,2026-04-16,15:49:28,-07:00,2026-04-16T15:49:28-07:00,1,48
global.js,11,js,863ed583,nkanthed06,2026-04-16,15:49:28,-07:00,2026-04-16T15:49:28-07:00,1,46
global.js,12,js,863ed583,nkanthed06,2026-04-16,15:49:28,-07:00,2026-04-16T15:49:28-07:00,1,56
global.js,13,js,863ed583,nkanthed06,2026-04-16,15:49:28,-07:00,2026-04-16T15:49:28-07:00,1,40
global.js,14,js,00000000,Not Committed Yet,2026-05-09,16:08:20,-07:00,2026-05-09T16:08:20-07:00,1,40
global.js,15,js,863ed583,nkanthed06,2026-04-16,15:49:28,-07:00,2026-04-16T15:49:28-07:00,0,0
global.js,16,js,863ed583,nkanthed06,2026-04-16,15:49:28,-07:00,2026-04-16T15:49:28-07:00,0,0
global.js,17,js,863ed583,nkanthed06,2026-04-16,15:49:28,-07:00,2026-04-16T15:49:28-07:00,0,35
global.js,18,js,863ed583,nkanthed06,2026-04-16,15:49:28,-07:00,2026-04-16T15:49:28-07:00,0,88
global.js,19,js,863ed583,nkanthed06,2026-04-16,15:49:28,-07:00,2026-04-16T15:49:28-07:00,1,3
global.js,20,js,863ed583,nkanthed06,2026-04-16,15:49:28,-07:00,2026-04-16T15:49:28-07:00,1,18
global.js,21,js,863ed583,nkanthed06,2026-04-16,15:49:28,-07:00,2026-04-16T15:49:28-07:00,1,0
global.js,22,js,863ed583,nkanthed06,2026-04-16,15:49:28,-07:00,2026-04-16T15:49:28-07:00,0,27
global.js,23,js,863ed583,nkanthed06,2026-04-16,15:49:28,-07:00,2026-04-16T15:49:28-07:00,0,38
global.js,24,js,863ed583,nkanthed06,2026-04-16,15:49:28,-07:00,2026-04-16T15:49:28-07:00,0,25
global.js,25,js,863ed583,nkanthed06,2026-04-16,15:49:28,-07:00,2026-04-16T15:49:28-07:00,0,0
global.js,26,js,863ed583,nkanthed06,2026-04-16,15:49:28,-07:00,2026-04-16T15:49:28-07:00,0,20
global.js,27,js,863ed583,nkanthed06,2026-04-16,15:49:28,-07:00,2026-04-16T15:49:28-07:00,1,14
global.js,28,js,863ed583,nkanthed06,2026-04-16,15:49:28,-07:00,2026-04-16T15:49:28-07:00,1,18
global.js,29,js,863ed583,nkanthed06,2026-04-16,15:49:28,-07:00,2026-04-16T15:49:28-07:00,0,0
global.js,30,js,863ed583,nkanthed06,2026-04-16,15:49:28,-07:00,2026-04-16T15:49:28-07:00,1,36
global.js,31,js,863ed583,nkanthed06,2026-04-16,15:49:28,-07:00,2026-04-16T15:49:28-07:00,1,52
global.js,32,js,863ed583,nkanthed06,2026-04-16,15:49:28,-07:00,2026-04-16T15:49:28-07:00,0,0
global.js,33,js,863ed583,nkanthed06,2026-04-16,15:49:28,-07:00,2026-04-16T15:49:28-07:00,1,31
global.js,34,js,863ed583,nkanthed06,2026-04-16,15:49:28,-07:00,2026-04-16T15:49:28-07:00,1,34
global.js,35,js,863ed583,nkanthed06,2026-04-16,15:49:28,-07:00,2026-04-16T15:49:28-07:00,1,11
global.js,36,js,863ed583,nkanthed06,2026-04-16,15:49:28,-07:00,2026-04-16T15:49:28-07:00,1,20
global.js,37,js,863ed583,nkanthed06,2026-04-16,15:49:28,-07:00,2026-04-16T15:49:28-07:00,0,0
global.js,38,js,863ed583,nkanthed06,2026-04-16,15:49:28,-07:00,2026-04-16T15:49:28-07:00,1,23
global.js,39,js,863ed583,nkanthed06,2026-04-16,15:49:28,-07:00,2026-04-16T15:49:28-07:00,1,65
global.js,40,js,863ed583,nkanthed06,2026-04-16,15:49:28,-07:00,2026-04-16T15:49:28-07:00,2,25
global.js,41,js,863ed583,nkanthed06,2026-04-16,15:49:28,-07:00,2026-04-16T15:49:28-07:00,1,0
global.js,42,js,863ed583,nkanthed06,2026-04-16,15:49:28,-07:00,2026-04-16T15:49:28-07:00,0,0
global.js,43,js,863ed583,nkanthed06,2026-04-16,15:49:28,-07:00,2026-04-16T15:49:28-07:00,1,31
global.js,44,js,863ed583,nkanthed06,2026-04-16,15:49:28,-07:00,2026-04-16T15:49:28-07:00,1,29
global.js,45,js,863ed583,nkanthed06,2026-04-16,15:49:28,-07:00,2026-04-16T15:49:28-07:00,2,18
global.js,46,js,863ed583,nkanthed06,2026-04-16,15:49:28,-07:00,2026-04-16T15:49:28-07:00,1,0
global.js,47,js,863ed583,nkanthed06,2026-04-16,15:49:28,-07:00,2026-04-16T15:49:28-07:00,0,0
global.js,48,js,863ed583,nkanthed06,2026-04-16,15:49:28,-07:00,2026-04-16T15:49:28-07:00,1,12
global.js,49,js,fb6eb62c,nkanthed06,2026-04-16,16:10:22,-07:00,2026-04-16T16:10:22-07:00,0,0
global.js,50,js,fb6eb62c,nkanthed06,2026-04-16,16:10:22,-07:00,2026-04-16T16:10:22-07:00,0,0
global.js,51,js,fb6eb62c,nkanthed06,2026-04-16,16:10:22,-07:00,2026-04-16T16:10:22-07:00,0,37
global.js,52,js,fb6eb62c,nkanthed06,2026-04-16,16:10:22,-07:00,2026-04-16T16:10:22-07:00,0,31
global.js,53,js,fb6eb62c,nkanthed06,2026-04-16,16:10:22,-07:00,2026-04-16T16:10:22-07:00,2,11
global.js,54,js,fb6eb62c,nkanthed06,2026-04-16,16:10:22,-07:00,2026-04-16T16:10:22-07:00,2,27
global.js,55,js,fb6eb62c,nkanthed06,2026-04-16,16:10:22,-07:00,2026-04-16T16:10:22-07:00,3,4
global.js,56,js,fb6eb62c,nkanthed06,2026-04-16,16:10:22,-07:00,2026-04-16T16:10:22-07:00,3,6
global.js,57,js,fb6eb62c,nkanthed06,2026-04-16,16:10:22,-07:00,2026-04-16T16:10:22-07:00,4,43
global.js,58,js,fb6eb62c,nkanthed06,2026-04-16,16:10:22,-07:00,2026-04-16T16:10:22-07:00,4,34
global.js,59,js,fb6eb62c,nkanthed06,2026-04-16,16:10:22,-07:00,2026-04-16T16:10:22-07:00,4,32
global.js,60,js,fb6eb62c,nkanthed06,2026-04-16,16:10:22,-07:00,2026-04-16T16:10:22-07:00,3,7
global.js,61,js,fb6eb62c,nkanthed06,2026-04-16,16:10:22,-07:00,2026-04-16T16:10:22-07:00,2,7
global.js,62,js,fb6eb62c,nkanthed06,2026-04-16,16:10:22,-07:00,2026-04-16T16:10:22-07:00,1,0
global.js,63,js,fb6eb62c,nkanthed06,2026-04-16,16:10:22,-07:00,2026-04-16T16:10:22-07:00,1,0
global.js,64,js,fb6eb62c,nkanthed06,2026-04-16,16:10:22,-07:00,2026-04-16T16:10:22-07:00,1,33
global.js,65,js,fb6eb62c,nkanthed06,2026-04-16,16:10:22,-07:00,2026-04-16T16:10:22-07:00,1,60
global.js,66,js,fb6eb62c,nkanthed06,2026-04-16,16:10:22,-07:00,2026-04-16T16:10:22-07:00,1,0
global.js,67,js,fb6eb62c,nkanthed06,2026-04-16,16:10:22,-07:00,2026-04-16T16:10:22-07:00,1,33
global.js,68,js,fb6eb62c,nkanthed06,2026-04-16,16:10:22,-07:00,2026-04-16T16:10:22-07:00,1,34
global.js,69,js,fb6eb62c,nkanthed06,2026-04-16,16:10:22,-07:00,2026-04-16T16:10:22-07:00,2,37
global.js,70,js,fb6eb62c,nkanthed06,2026-04-16,16:10:22,-07:00,2026-04-16T16:10:22-07:00,2,64
global.js,71,js,fb6eb62c,nkanthed06,2026-04-16,16:10:22,-07:00,2026-04-16T16:10:22-07:00,2,19
global.js,72,js,fb6eb62c,nkanthed06,2026-04-16,16:10:22,-07:00,2026-04-16T16:10:22-07:00,1,0
global.js,73,js,fb6eb62c,nkanthed06,2026-04-16,16:10:22,-07:00,2026-04-16T16:10:22-07:00,1,0
global.js,74,js,fb6eb62c,nkanthed06,2026-04-16,16:10:22,-07:00,2026-04-16T16:10:22-07:00,1,49
global.js,75,js,fb6eb62c,nkanthed06,2026-04-16,16:10:22,-07:00,2026-04-16T16:10:22-07:00,2,31
global.js,76,js,fb6eb62c,nkanthed06,2026-04-16,16:10:22,-07:00,2026-04-16T16:10:22-07:00,2,64
global.js,77,js,fb6eb62c,nkanthed06,2026-04-16,16:10:22,-07:00,2026-04-16T16:10:22-07:00,2,50
global.js,78,js,fb6eb62c,nkanthed06,2026-04-16,16:10:22,-07:00,2026-04-16T16:10:22-07:00,1,1
global.js,79,js,fb6eb62c,nkanthed06,2026-04-16,16:10:22,-07:00,2026-04-16T16:10:22-07:00,0,0
global.js,80,js,fb6eb62c,nkanthed06,2026-04-16,16:10:22,-07:00,2026-04-16T16:10:22-07:00,1,29
global.js,81,js,fb6eb62c,nkanthed06,2026-04-16,16:10:22,-07:00,2026-04-16T16:10:22-07:00,0,42
global.js,82,js,fb6eb62c,nkanthed06,2026-04-16,16:10:22,-07:00,2026-04-16T16:10:22-07:00,0,0
global.js,83,js,fb6eb62c,nkanthed06,2026-04-16,16:10:22,-07:00,2026-04-16T16:10:22-07:00,0,49
global.js,84,js,fb6eb62c,nkanthed06,2026-04-16,16:10:22,-07:00,2026-04-16T16:10:22-07:00,1,48
global.js,85,js,fb6eb62c,nkanthed06,2026-04-16,16:10:22,-07:00,2026-04-16T16:10:22-07:00,0,0
global.js,86,js,fb6eb62c,nkanthed06,2026-04-16,16:10:22,-07:00,2026-04-16T16:10:22-07:00,1,30
global.js,87,js,fb6eb62c,nkanthed06,2026-04-16,16:10:22,-07:00,2026-04-16T16:10:22-07:00,1,26
global.js,88,js,fb6eb62c,nkanthed06,2026-04-16,16:10:22,-07:00,2026-04-16T16:10:22-07:00,0,0
global.js,89,js,fb6eb62c,nkanthed06,2026-04-16,16:10:22,-07:00,2026-04-16T16:10:22-07:00,1,31
global.js,90,js,fb6eb62c,nkanthed06,2026-04-16,16:10:22,-07:00,2026-04-16T16:10:22-07:00,2,45
global.js,91,js,fb6eb62c,nkanthed06,2026-04-16,16:10:22,-07:00,2026-04-16T16:10:22-07:00,1,0
global.js,92,js,fb6eb62c,nkanthed06,2026-04-16,16:10:22,-07:00,2026-04-16T16:10:22-07:00,0,0
global.js,93,js,fb6eb62c,nkanthed06,2026-04-16,16:10:22,-07:00,2026-04-16T16:10:22-07:00,1,18
global.js,94,js,fb6eb62c,nkanthed06,2026-04-16,16:10:22,-07:00,2026-04-16T16:10:22-07:00,1,21
global.js,95,js,fb6eb62c,nkanthed06,2026-04-16,16:10:22,-07:00,2026-04-16T16:10:22-07:00,0,0
global.js,96,js,fb6eb62c,nkanthed06,2026-04-16,16:10:22,-07:00,2026-04-16T16:10:22-07:00,1,15
global.js,97,js,fb6eb62c,nkanthed06,2026-04-16,16:10:22,-07:00,2026-04-16T16:10:22-07:00,0,0
global.js,98,js,066b960f,nkanthed06,2026-04-24,19:42:35,-07:00,2026-04-24T19:42:35-07:00,0,1
global.js,99,js,066b960f,nkanthed06,2026-04-24,19:42:35,-07:00,2026-04-24T19:42:35-07:00,0,0
global.js,100,js,066b960f,nkanthed06,2026-04-24,19:42:35,-07:00,2026-04-24T19:42:35-07:00,0,36
global.js,101,js,066b960f,nkanthed06,2026-04-24,19:42:35,-07:00,2026-04-24T19:42:35-07:00,1,3
global.js,102,js,066b960f,nkanthed06,2026-04-24,19:42:35,-07:00,2026-04-24T19:42:35-07:00,2,32
global.js,103,js,066b960f,nkanthed06,2026-04-24,19:42:35,-07:00,2026-04-24T19:42:35-07:00,0,0
global.js,104,js,066b960f,nkanthed06,2026-04-24,19:42:35,-07:00,2026-04-24T19:42:35-07:00,2,17
global.js,105,js,066b960f,nkanthed06,2026-04-24,19:42:35,-07:00,2026-04-24T19:42:35-07:00,3,66
global.js,106,js,066b960f,nkanthed06,2026-04-24,19:42:35,-07:00,2026-04-24T19:42:35-07:00,2,0
global.js,107,js,066b960f,nkanthed06,2026-04-24,19:42:35,-07:00,2026-04-24T19:42:35-07:00,0,0
global.js,108,js,066b960f,nkanthed06,2026-04-24,19:42:35,-07:00,2026-04-24T19:42:35-07:00,2,33
global.js,109,js,066b960f,nkanthed06,2026-04-24,19:42:35,-07:00,2026-04-24T19:42:35-07:00,2,10
global.js,110,js,066b960f,nkanthed06,2026-04-24,19:42:35,-07:00,2026-04-24T19:42:35-07:00,0,0
global.js,111,js,066b960f,nkanthed06,2026-04-24,19:42:35,-07:00,2026-04-24T19:42:35-07:00,1,15
global.js,112,js,066b960f,nkanthed06,2026-04-24,19:42:35,-07:00,2026-04-24T19:42:35-07:00,2,59
global.js,113,js,066b960f,nkanthed06,2026-04-24,19:42:35,-07:00,2026-04-24T19:42:35-07:00,1,0
global.js,114,js,066b960f,nkanthed06,2026-04-24,19:42:35,-07:00,2026-04-24T19:42:35-07:00,0,0
global.js,115,js,066b960f,nkanthed06,2026-04-24,19:42:35,-07:00,2026-04-24T19:42:35-07:00,0,0
global.js,116,js,066b960f,nkanthed06,2026-04-24,19:42:35,-07:00,2026-04-24T19:42:35-07:00,0,0
global.js,117,js,04ed6c58,nkanthed06,2026-05-01,14:11:36,-07:00,2026-05-01T14:11:36-07:00,0,79
global.js,118,js,066b960f,nkanthed06,2026-04-24,19:42:35,-07:00,2026-04-24T19:42:35-07:00,1,30
global.js,119,js,066b960f,nkanthed06,2026-04-24,19:42:35,-07:00,2026-04-24T19:42:35-07:00,0,0
global.js,120,js,04ed6c58,nkanthed06,2026-05-01,14:11:36,-07:00,2026-05-01T14:11:36-07:00,1,29
global.js,121,js,066b960f,nkanthed06,2026-04-24,19:42:35,-07:00,2026-04-24T19:42:35-07:00,2,48
global.js,122,js,066b960f,nkanthed06,2026-04-24,19:42:35,-07:00,2026-04-24T19:42:35-07:00,2,19
global.js,123,js,04ed6c58,nkanthed06,2026-05-01,14:11:36,-07:00,2026-05-01T14:11:36-07:00,3,49
global.js,124,js,04ed6c58,nkanthed06,2026-05-01,14:11:36,-07:00,2026-05-01T14:11:36-07:00,3,49
global.js,125,js,04ed6c58,nkanthed06,2026-05-01,14:11:36,-07:00,2026-05-01T14:11:36-07:00,3,3
global.js,126,js,04ed6c58,nkanthed06,2026-05-01,14:11:36,-07:00,2026-05-01T14:11:36-07:00,4,27
global.js,127,js,04ed6c58,nkanthed06,2026-05-01,14:11:36,-07:00,2026-05-01T14:11:36-07:00,4,44
global.js,128,js,04ed6c58,nkanthed06,2026-05-01,14:11:36,-07:00,2026-05-01T14:11:36-07:00,3,4
global.js,129,js,066b960f,nkanthed06,2026-04-24,19:42:35,-07:00,2026-04-24T19:42:35-07:00,2,0
global.js,130,js,066b960f,nkanthed06,2026-04-24,19:42:35,-07:00,2026-04-24T19:42:35-07:00,2,36
global.js,131,js,066b960f,nkanthed06,2026-04-24,19:42:35,-07:00,2026-04-24T19:42:35-07:00,1,0
global.js,132,js,066b960f,nkanthed06,2026-04-24,19:42:35,-07:00,2026-04-24T19:42:35-07:00,0,0
global.js,133,js,066b960f,nkanthed06,2026-04-24,19:42:35,-07:00,2026-04-24T19:42:35-07:00,0,0
global.js,134,js,066b960f,nkanthed06,2026-04-24,19:42:35,-07:00,2026-04-24T19:42:35-07:00,0,47
global.js,135,js,066b960f,nkanthed06,2026-04-24,19:42:35,-07:00,2026-04-24T19:42:35-07:00,1,59
global.js,136,js,066b960f,nkanthed06,2026-04-24,19:42:35,-07:00,2026-04-24T19:42:35-07:00,0,0
projects/projects.js,1,js,066b960f,nkanthed06,2026-04-24,19:42:35,-07:00,2026-04-24T19:42:35-07:00,0,55
projects/projects.js,2,js,04ed6c58,nkanthed06,2026-05-01,14:11:36,-07:00,2026-05-01T14:11:36-07:00,0,63
projects/projects.js,3,js,04ed6c58,nkanthed06,2026-05-01,14:11:36,-07:00,2026-05-01T14:11:36-07:00,0,0
projects/projects.js,4,js,04ed6c58,nkanthed06,2026-05-01,14:11:36,-07:00,2026-05-01T14:11:36-07:00,0,13
projects/projects.js,5,js,04ed6c58,nkanthed06,2026-05-01,14:11:36,-07:00,2026-05-01T14:11:36-07:00,0,21
projects/projects.js,6,js,04ed6c58,nkanthed06,2026-05-01,14:11:36,-07:00,2026-05-01T14:11:36-07:00,0,0
projects/projects.js,7,js,04ed6c58,nkanthed06,2026-05-01,14:11:36,-07:00,2026-05-01T14:11:36-07:00,0,0
projects/projects.js,8,js,04ed6c58,nkanthed06,2026-05-01,14:11:36,-07:00,2026-05-01T14:11:36-07:00,0,0
projects/projects.js,9,js,066b960f,nkanthed06,2026-04-24,19:42:35,-07:00,2026-04-24T19:42:35-07:00,0,55
projects/projects.js,10,js,066b960f,nkanthed06,2026-04-24,19:42:35,-07:00,2026-04-24T19:42:35-07:00,0,60
projects/projects.js,11,js,066b960f,nkanthed06,2026-04-24,19:42:35,-07:00,2026-04-24T19:42:35-07:00,0,48
projects/projects.js,12,js,04ed6c58,nkanthed06,2026-05-01,14:11:36,-07:00,2026-05-01T14:11:36-07:00,0,17
projects/projects.js,13,js,066b960f,nkanthed06,2026-04-24,19:42:35,-07:00,2026-04-24T19:42:35-07:00,0,0
projects/projects.js,14,js,066b960f,nkanthed06,2026-04-24,19:42:35,-07:00,2026-04-24T19:42:35-07:00,0,62
projects/projects.js,15,js,066b960f,nkanthed06,2026-04-24,19:42:35,-07:00,2026-04-24T19:42:35-07:00,0,18
projects/projects.js,16,js,066b960f,nkanthed06,2026-04-24,19:42:35,-07:00,2026-04-24T19:42:35-07:00,1,56
projects/projects.js,17,js,04ed6c58,nkanthed06,2026-05-01,14:11:36,-07:00,2026-05-01T14:11:36-07:00,0,0
projects/projects.js,18,js,04ed6c58,nkanthed06,2026-05-01,14:11:36,-07:00,2026-05-01T14:11:36-07:00,0,0
projects/projects.js,19,js,04ed6c58,nkanthed06,2026-05-01,14:11:36,-07:00,2026-05-01T14:11:36-07:00,0,57
projects/projects.js,20,js,04ed6c58,nkanthed06,2026-05-01,14:11:36,-07:00,2026-05-01T14:11:36-07:00,0,47
projects/projects.js,21,js,04ed6c58,nkanthed06,2026-05-01,14:11:36,-07:00,2026-05-01T14:11:36-07:00,0,0
projects/projects.js,22,js,04ed6c58,nkanthed06,2026-05-01,14:11:36,-07:00,2026-05-01T14:11:36-07:00,0,38
projects/projects.js,23,js,04ed6c58,nkanthed06,2026-05-01,14:11:36,-07:00,2026-05-01T14:11:36-07:00,1,26
projects/projects.js,24,js,04ed6c58,nkanthed06,2026-05-01,14:11:36,-07:00,2026-05-01T14:11:36-07:00,2,12
projects/projects.js,25,js,04ed6c58,nkanthed06,2026-05-01,14:11:36,-07:00,2026-05-01T14:11:36-07:00,2,14
projects/projects.js,26,js,04ed6c58,nkanthed06,2026-05-01,14:11:36,-07:00,2026-05-01T14:11:36-07:00,2,12
projects/projects.js,27,js,04ed6c58,nkanthed06,2026-05-01,14:11:36,-07:00,2026-05-01T14:11:36-07:00,1,0
projects/projects.js,28,js,04ed6c58,nkanthed06,2026-05-01,14:11:36,-07:00,2026-05-01T14:11:36-07:00,0,0
projects/projects.js,29,js,04ed6c58,nkanthed06,2026-05-01,14:11:36,-07:00,2026-05-01T14:11:36-07:00,1,44
projects/projects.js,30,js,04ed6c58,nkanthed06,2026-05-01,14:11:36,-07:00,2026-05-01T14:11:36-07:00,2,35
projects/projects.js,31,js,04ed6c58,nkanthed06,2026-05-01,14:11:36,-07:00,2026-05-01T14:11:36-07:00,1,1
projects/projects.js,32,js,04ed6c58,nkanthed06,2026-05-01,14:11:36,-07:00,2026-05-01T14:11:36-07:00,0,0
projects/projects.js,33,js,04ed6c58,nkanthed06,2026-05-01,14:11:36,-07:00,2026-05-01T14:11:36-07:00,1,50
projects/projects.js,34,js,04ed6c58,nkanthed06,2026-05-01,14:11:36,-07:00,2026-05-01T14:11:36-07:00,1,33
projects/projects.js,35,js,04ed6c58,nkanthed06,2026-05-01,14:11:36,-07:00,2026-05-01T14:11:36-07:00,1,45
projects/projects.js,36,js,04ed6c58,nkanthed06,2026-05-01,14:11:36,-07:00,2026-05-01T14:11:36-07:00,0,0
projects/projects.js,37,js,04ed6c58,nkanthed06,2026-05-01,14:11:36,-07:00,2026-05-01T14:11:36-07:00,1,40
projects/projects.js,38,js,04ed6c58,nkanthed06,2026-05-01,14:11:36,-07:00,2026-05-01T14:11:36-07:00,1,29
projects/projects.js,39,js,04ed6c58,nkanthed06,2026-05-01,14:11:36,-07:00,2026-05-01T14:11:36-07:00,0,0
projects/projects.js,40,js,04ed6c58,nkanthed06,2026-05-01,14:11:36,-07:00,2026-05-01T14:11:36-07:00,1,32
projects/projects.js,41,js,04ed6c58,nkanthed06,2026-05-01,14:11:36,-07:00,2026-05-01T14:11:36-07:00,1,30
projects/projects.js,42,js,04ed6c58,nkanthed06,2026-05-01,14:11:36,-07:00,2026-05-01T14:11:36-07:00,0,0
projects/projects.js,43,js,04ed6c58,nkanthed06,2026-05-01,14:11:36,-07:00,2026-05-01T14:11:36-07:00,1,24
projects/projects.js,44,js,04ed6c58,nkanthed06,2026-05-01,14:11:36,-07:00,2026-05-01T14:11:36-07:00,2,16
projects/projects.js,45,js,04ed6c58,nkanthed06,2026-05-01,14:11:36,-07:00,2026-05-01T14:11:36-07:00,3,13
projects/projects.js,46,js,04ed6c58,nkanthed06,2026-05-01,14:11:36,-07:00,2026-05-01T14:11:36-07:00,3,22
projects/projects.js,47,js,04ed6c58,nkanthed06,2026-05-01,14:11:36,-07:00,2026-05-01T14:11:36-07:00,3,18
projects/projects.js,48,js,04ed6c58,nkanthed06,2026-05-01,14:11:36,-07:00,2026-05-01T14:11:36-07:00,4,43
projects/projects.js,49,js,04ed6c58,nkanthed06,2026-05-01,14:11:36,-07:00,2026-05-01T14:11:36-07:00,0,0
projects/projects.js,50,js,04ed6c58,nkanthed06,2026-05-01,14:11:36,-07:00,2026-05-01T14:11:36-07:00,4,19
projects/projects.js,51,js,04ed6c58,nkanthed06,2026-05-01,14:11:36,-07:00,2026-05-01T14:11:36-07:00,5,66
projects/projects.js,52,js,04ed6c58,nkanthed06,2026-05-01,14:11:36,-07:00,2026-05-01T14:11:36-07:00,0,0
projects/projects.js,53,js,04ed6c58,nkanthed06,2026-05-01,14:11:36,-07:00,2026-05-01T14:11:36-07:00,4,20
projects/projects.js,54,js,04ed6c58,nkanthed06,2026-05-01,14:11:36,-07:00,2026-05-01T14:11:36-07:00,5,24
projects/projects.js,55,js,04ed6c58,nkanthed06,2026-05-01,14:11:36,-07:00,2026-05-01T14:11:36-07:00,6,60
projects/projects.js,56,js,04ed6c58,nkanthed06,2026-05-01,14:11:36,-07:00,2026-05-01T14:11:36-07:00,5,0
projects/projects.js,57,js,04ed6c58,nkanthed06,2026-05-01,14:11:36,-07:00,2026-05-01T14:11:36-07:00,0,0
projects/projects.js,58,js,04ed6c58,nkanthed06,2026-05-01,14:11:36,-07:00,2026-05-01T14:11:36-07:00,4,25
projects/projects.js,59,js,04ed6c58,nkanthed06,2026-05-01,14:11:36,-07:00,2026-05-01T14:11:36-07:00,5,53
projects/projects.js,60,js,04ed6c58,nkanthed06,2026-05-01,14:11:36,-07:00,2026-05-01T14:11:36-07:00,4,6
projects/projects.js,61,js,04ed6c58,nkanthed06,2026-05-01,14:11:36,-07:00,2026-05-01T14:11:36-07:00,5,43
projects/projects.js,62,js,04ed6c58,nkanthed06,2026-05-01,14:11:36,-07:00,2026-05-01T14:11:36-07:00,5,66
projects/projects.js,63,js,04ed6c58,nkanthed06,2026-05-01,14:11:36,-07:00,2026-05-01T14:11:36-07:00,5,48
projects/projects.js,64,js,04ed6c58,nkanthed06,2026-05-01,14:11:36,-07:00,2026-05-01T14:11:36-07:00,4,0
projects/projects.js,65,js,04ed6c58,nkanthed06,2026-05-01,14:11:36,-07:00,2026-05-01T14:11:36-07:00,3,1
projects/projects.js,66,js,04ed6c58,nkanthed06,2026-05-01,14:11:36,-07:00,2026-05-01T14:11:36-07:00,1,1
projects/projects.js,67,js,04ed6c58,nkanthed06,2026-05-01,14:11:36,-07:00,2026-05-01T14:11:36-07:00,0,0
projects/projects.js,68,js,04ed6c58,nkanthed06,2026-05-01,14:11:36,-07:00,2026-05-01T14:11:36-07:00,1,24
projects/projects.js,69,js,04ed6c58,nkanthed06,2026-05-01,14:11:36,-07:00,2026-05-01T14:11:36-07:00,2,17
projects/projects.js,70,js,04ed6c58,nkanthed06,2026-05-01,14:11:36,-07:00,2026-05-01T14:11:36-07:00,3,38
projects/projects.js,71,js,04ed6c58,nkanthed06,2026-05-01,14:11:36,-07:00,2026-05-01T14:11:36-07:00,3,27
projects/projects.js,72,js,04ed6c58,nkanthed06,2026-05-01,14:11:36,-07:00,2026-05-01T14:11:36-07:00,3,69
projects/projects.js,73,js,04ed6c58,nkanthed06,2026-05-01,14:11:36,-07:00,2026-05-01T14:11:36-07:00,1,1
projects/projects.js,74,js,04ed6c58,nkanthed06,2026-05-01,14:11:36,-07:00,2026-05-01T14:11:36-07:00,0,0
projects/projects.js,75,js,04ed6c58,nkanthed06,2026-05-01,14:11:36,-07:00,2026-05-01T14:11:36-07:00,0,0
projects/projects.js,76,js,04ed6c58,nkanthed06,2026-05-01,14:11:36,-07:00,2026-05-01T14:11:36-07:00,0,23
projects/projects.js,77,js,04ed6c58,nkanthed06,2026-05-01,14:11:36,-07:00,2026-05-01T14:11:36-07:00,0,0
projects/projects.js,78,js,04ed6c58,nkanthed06,2026-05-01,14:11:36,-07:00,2026-05-01T14:11:36-07:00,0,53
projects/projects.js,79,js,04ed6c58,nkanthed06,2026-05-01,14:11:36,-07:00,2026-05-01T14:11:36-07:00,0,49
projects/projects.js,80,js,04ed6c58,nkanthed06,2026-05-01,14:11:36,-07:00,2026-05-01T14:11:36-07:00,1,25
projects/projects.js,81,js,04ed6c58,nkanthed06,2026-05-01,14:11:36,-07:00,2026-05-01T14:11:36-07:00,1,51
projects/projects.js,82,js,04ed6c58,nkanthed06,2026-05-01,14:11:36,-07:00,2026-05-01T14:11:36-07:00,2,59
projects/projects.js,83,js,04ed6c58,nkanthed06,2026-05-01,14:11:36,-07:00,2026-05-01T14:11:36-07:00,2,42
projects/projects.js,84,js,04ed6c58,nkanthed06,2026-05-01,14:11:36,-07:00,2026-05-01T14:11:36-07:00,1,1
projects/projects.js,85,js,04ed6c58,nkanthed06,2026-05-01,14:11:36,-07:00,2026-05-01T14:11:36-07:00,1,56
projects/projects.js,86,js,04ed6c58,nkanthed06,2026-05-01,14:11:36,-07:00,2026-05-01T14:11:36-07:00,1,31
projects/projects.js,87,js,04ed6c58,nkanthed06,2026-05-01,14:11:36,-07:00,2026-05-01T14:11:36-07:00,0,1
projects/index.html,1,html,3f99e620,nkanthed06,2026-04-03,01:24:07,-07:00,2026-04-03T01:24:07-07:00,0,13
projects/index.html,2,html,3f99e620,nkanthed06,2026-04-03,01:24:07,-07:00,2026-04-03T01:24:07-07:00,0,14
projects/index.html,3,html,3f99e620,nkanthed06,2026-04-03,01:24:07,-07:00,2026-04-03T01:24:07-07:00,0,4
projects/index.html,4,html,04ed6c58,nkanthed06,2026-05-01,14:11:36,-07:00,2026-05-01T14:11:36-07:00,1,41
projects/index.html,5,html,04ed6c58,nkanthed06,2026-05-01,14:11:36,-07:00,2026-05-01T14:11:36-07:00,1,20
projects/index.html,6,html,04ed6c58,nkanthed06,2026-05-01,14:11:36,-07:00,2026-05-01T14:11:36-07:00,1,68
projects/index.html,7,html,04ed6c58,nkanthed06,2026-05-01,14:11:36,-07:00,2026-05-01T14:11:36-07:00,1,21
projects/index.html,8,html,3f99e620,nkanthed06,2026-04-03,01:24:07,-07:00,2026-04-03T01:24:07-07:00,0,5
projects/index.html,9,html,3f99e620,nkanthed06,2026-04-03,01:24:07,-07:00,2026-04-03T01:24:07-07:00,0,4
projects/index.html,10,html,04ed6c58,nkanthed06,2026-05-01,14:11:36,-07:00,2026-05-01T14:11:36-07:00,1,21
projects/index.html,11,html,04ed6c58,nkanthed06,2026-05-01,14:11:36,-07:00,2026-05-01T14:11:36-07:00,2,102
projects/index.html,12,html,04ed6c58,nkanthed06,2026-05-01,14:11:36,-07:00,2026-05-01T14:11:36-07:00,2,58
projects/index.html,13,html,04ed6c58,nkanthed06,2026-05-01,14:11:36,-07:00,2026-05-01T14:11:36-07:00,2,22
projects/index.html,14,html,04ed6c58,nkanthed06,2026-05-01,14:11:36,-07:00,2026-05-01T14:11:36-07:00,1,4
projects/index.html,15,html,863ed583,nkanthed06,2026-04-16,15:49:28,-07:00,2026-04-16T15:49:28-07:00,0,0
projects/index.html,16,html,04ed6c58,nkanthed06,2026-05-01,14:11:36,-07:00,2026-05-01T14:11:36-07:00,1,30
projects/index.html,17,html,04ed6c58,nkanthed06,2026-05-01,14:11:36,-07:00,2026-05-01T14:11:36-07:00,1,26
projects/index.html,18,html,04ed6c58,nkanthed06,2026-05-01,14:11:36,-07:00,2026-05-01T14:11:36-07:00,0,0
projects/index.html,19,html,04ed6c58,nkanthed06,2026-05-01,14:11:36,-07:00,2026-05-01T14:11:36-07:00,1,48
projects/index.html,20,html,04ed6c58,nkanthed06,2026-05-01,14:11:36,-07:00,2026-05-01T14:11:36-07:00,1,47
projects/index.html,21,html,3f99e620,nkanthed06,2026-04-03,01:24:07,-07:00,2026-04-03T01:24:07-07:00,0,5
projects/index.html,22,html,3f99e620,nkanthed06,2026-04-03,01:24:07,-07:00,2026-04-03T01:24:07-07:00,0,5
contact/index.html,1,html,3f99e620,nkanthed06,2026-04-03,01:24:07,-07:00,2026-04-03T01:24:07-07:00,0,13
contact/index.html,2,html,3f99e620,nkanthed06,2026-04-03,01:24:07,-07:00,2026-04-03T01:24:07-07:00,0,14
contact/index.html,3,html,3f99e620,nkanthed06,2026-04-03,01:24:07,-07:00,2026-04-03T01:24:07-07:00,0,4
contact/index.html,4,html,6adcca11,nkanthed06,2026-04-10,14:53:12,-07:00,2026-04-10T14:53:12-07:00,2,41
contact/index.html,5,html,3f99e620,nkanthed06,2026-04-03,01:24:07,-07:00,2026-04-03T01:24:07-07:00,2,20
contact/index.html,6,html,3f99e620,nkanthed06,2026-04-03,01:24:07,-07:00,2026-04-03T01:24:07-07:00,2,68
contact/index.html,7,html,3f99e620,nkanthed06,2026-04-03,01:24:07,-07:00,2026-04-03T01:24:07-07:00,2,21
contact/index.html,8,html,3f99e620,nkanthed06,2026-04-03,01:24:07,-07:00,2026-04-03T01:24:07-07:00,0,5
contact/index.html,9,html,3f99e620,nkanthed06,2026-04-03,01:24:07,-07:00,2026-04-03T01:24:07-07:00,0,4
contact/index.html,10,html,d9640e5d,nkanthed06,2026-04-03,11:36:42,-07:00,2026-04-03T11:36:42-07:00,0,0
contact/index.html,11,html,3f99e620,nkanthed06,2026-04-03,01:24:07,-07:00,2026-04-03T01:24:07-07:00,2,2
contact/index.html,12,html,6adcca11,nkanthed06,2026-04-10,14:53:12,-07:00,2026-04-10T14:53:12-07:00,4,8
contact/index.html,13,html,3f99e620,nkanthed06,2026-04-03,01:24:07,-07:00,2026-04-03T01:24:07-07:00,2,3
contact/index.html,14,html,fb6eb62c,nkanthed06,2026-04-16,16:10:22,-07:00,2026-04-16T16:10:22-07:00,2,51
contact/index.html,15,html,3f99e620,nkanthed06,2026-04-03,01:24:07,-07:00,2026-04-03T01:24:07-07:00,4,5
contact/index.html,16,html,fb6eb62c,nkanthed06,2026-04-16,16:10:22,-07:00,2026-04-16T16:10:22-07:00,6,6
contact/index.html,17,html,fb6eb62c,nkanthed06,2026-04-16,16:10:22,-07:00,2026-04-16T16:10:22-07:00,6,20
contact/index.html,18,html,3f99e620,nkanthed06,2026-04-03,01:24:07,-07:00,2026-04-03T01:24:07-07:00,4,6
contact/index.html,19,html,fb6eb62c,nkanthed06,2026-04-16,16:10:22,-07:00,2026-04-16T16:10:22-07:00,2,0
contact/index.html,20,html,3f99e620,nkanthed06,2026-04-03,01:24:07,-07:00,2026-04-03T01:24:07-07:00,4,5
contact/index.html,21,html,3f99e620,nkanthed06,2026-04-03,01:24:07,-07:00,2026-04-03T01:24:07-07:00,6,6
contact/index.html,22,html,fb6eb62c,nkanthed06,2026-04-16,16:10:22,-07:00,2026-04-16T16:10:22-07:00,6,31
contact/index.html,23,html,3f99e620,nkanthed06,2026-04-03,01:24:07,-07:00,2026-04-03T01:24:07-07:00,4,6
contact/index.html,24,html,3f99e620,nkanthed06,2026-04-03,01:24:07,-07:00,2026-04-03T01:24:07-07:00,4,0
contact/index.html,25,html,3f99e620,nkanthed06,2026-04-03,01:24:07,-07:00,2026-04-03T01:24:07-07:00,4,21
contact/index.html,26,html,3f99e620,nkanthed06,2026-04-03,01:24:07,-07:00,2026-04-03T01:24:07-07:00,2,5
contact/index.html,27,html,3f99e620,nkanthed06,2026-04-03,01:24:07,-07:00,2026-04-03T01:24:07-07:00,2,0
contact/index.html,28,html,863ed583,nkanthed06,2026-04-16,15:49:28,-07:00,2026-04-16T15:49:28-07:00,0,0
contact/index.html,29,html,066b960f,nkanthed06,2026-04-24,19:42:35,-07:00,2026-04-24T19:42:35-07:00,2,48
contact/index.html,30,html,3f99e620,nkanthed06,2026-04-03,01:24:07,-07:00,2026-04-03T01:24:07-07:00,0,5
contact/index.html,31,html,3f99e620,nkanthed06,2026-04-03,01:24:07,-07:00,2026-04-03T01:24:07-07:00,0,5
CV/index.html,1,html,d9640e5d,nkanthed06,2026-04-03,11:36:42,-07:00,2026-04-03T11:36:42-07:00,0,13
CV/index.html,2,html,d9640e5d,nkanthed06,2026-04-03,11:36:42,-07:00,2026-04-03T11:36:42-07:00,0,14
CV/index.html,3,html,d9640e5d,nkanthed06,2026-04-03,11:36:42,-07:00,2026-04-03T11:36:42-07:00,0,4
CV/index.html,4,html,6adcca11,nkanthed06,2026-04-10,14:53:12,-07:00,2026-04-10T14:53:12-07:00,2,41
CV/index.html,5,html,d9640e5d,nkanthed06,2026-04-03,11:36:42,-07:00,2026-04-03T11:36:42-07:00,2,20
CV/index.html,6,html,d9640e5d,nkanthed06,2026-04-03,11:36:42,-07:00,2026-04-03T11:36:42-07:00,2,68
CV/index.html,7,html,d9640e5d,nkanthed06,2026-04-03,11:36:42,-07:00,2026-04-03T11:36:42-07:00,2,21
CV/index.html,8,html,d9640e5d,nkanthed06,2026-04-03,11:36:42,-07:00,2026-04-03T11:36:42-07:00,0,5
CV/index.html,9,html,d9640e5d,nkanthed06,2026-04-03,11:36:42,-07:00,2026-04-03T11:36:42-07:00,0,4
CV/index.html,10,html,d9640e5d,nkanthed06,2026-04-03,11:36:42,-07:00,2026-04-03T11:36:42-07:00,0,0
CV/index.html,11,html,d9640e5d,nkanthed06,2026-04-03,11:36:42,-07:00,2026-04-03T11:36:42-07:00,2,0
CV/index.html,12,html,d9640e5d,nkanthed06,2026-04-03,11:36:42,-07:00,2026-04-03T11:36:42-07:00,3,4
CV/index.html,13,html,d9640e5d,nkanthed06,2026-04-03,11:36:42,-07:00,2026-04-03T11:36:42-07:00,4,7
CV/index.html,14,html,d9640e5d,nkanthed06,2026-04-03,11:36:42,-07:00,2026-04-03T11:36:42-07:00,5,6
CV/index.html,15,html,d9640e5d,nkanthed06,2026-04-03,11:36:42,-07:00,2026-04-03T11:36:42-07:00,6,20
CV/index.html,16,html,d9640e5d,nkanthed06,2026-04-03,11:36:42,-07:00,2026-04-03T11:36:42-07:00,6,26
CV/index.html,17,html,d9640e5d,nkanthed06,2026-04-03,11:36:42,-07:00,2026-04-03T11:36:42-07:00,6,1
CV/index.html,18,html,d9640e5d,nkanthed06,2026-04-03,11:36:42,-07:00,2026-04-03T11:36:42-07:00,7,70
CV/index.html,19,html,d9640e5d,nkanthed06,2026-04-03,11:36:42,-07:00,2026-04-03T11:36:42-07:00,7,43
CV/index.html,20,html,d9640e5d,nkanthed06,2026-04-03,11:36:42,-07:00,2026-04-03T11:36:42-07:00,7,74
CV/index.html,21,html,d9640e5d,nkanthed06,2026-04-03,11:36:42,-07:00,2026-04-03T11:36:42-07:00,6,2
CV/index.html,22,html,d9640e5d,nkanthed06,2026-04-03,11:36:42,-07:00,2026-04-03T11:36:42-07:00,5,7
CV/index.html,23,html,d9640e5d,nkanthed06,2026-04-03,11:36:42,-07:00,2026-04-03T11:36:42-07:00,4,8
CV/index.html,24,html,d9640e5d,nkanthed06,2026-04-03,11:36:42,-07:00,2026-04-03T11:36:42-07:00,2,0
CV/index.html,25,html,d9640e5d,nkanthed06,2026-04-03,11:36:42,-07:00,2026-04-03T11:36:42-07:00,4,7
CV/index.html,26,html,d9640e5d,nkanthed06,2026-04-03,11:36:42,-07:00,2026-04-03T11:36:42-07:00,5,16
CV/index.html,27,html,d9640e5d,nkanthed06,2026-04-03,11:36:42,-07:00,2026-04-03T11:36:42-07:00,5,7
CV/index.html,28,html,d9640e5d,nkanthed06,2026-04-03,11:36:42,-07:00,2026-04-03T11:36:42-07:00,6,6
CV/index.html,29,html,d9640e5d,nkanthed06,2026-04-03,11:36:42,-07:00,2026-04-03T11:36:42-07:00,7,49
CV/index.html,30,html,d9640e5d,nkanthed06,2026-04-03,11:36:42,-07:00,2026-04-03T11:36:42-07:00,7,25
CV/index.html,31,html,d9640e5d,nkanthed06,2026-04-03,11:36:42,-07:00,2026-04-03T11:36:42-07:00,7,1
CV/index.html,32,html,d9640e5d,nkanthed06,2026-04-03,11:36:42,-07:00,2026-04-03T11:36:42-07:00,8,40
CV/index.html,33,html,d9640e5d,nkanthed06,2026-04-03,11:36:42,-07:00,2026-04-03T11:36:42-07:00,8,60
CV/index.html,34,html,d9640e5d,nkanthed06,2026-04-03,11:36:42,-07:00,2026-04-03T11:36:42-07:00,7,2
CV/index.html,35,html,d9640e5d,nkanthed06,2026-04-03,11:36:42,-07:00,2026-04-03T11:36:42-07:00,6,7
CV/index.html,36,html,d9640e5d,nkanthed06,2026-04-03,11:36:42,-07:00,2026-04-03T11:36:42-07:00,6,2
CV/index.html,37,html,d9640e5d,nkanthed06,2026-04-03,11:36:42,-07:00,2026-04-03T11:36:42-07:00,7,87
CV/index.html,38,html,d9640e5d,nkanthed06,2026-04-03,11:36:42,-07:00,2026-04-03T11:36:42-07:00,7,124
CV/index.html,39,html,d9640e5d,nkanthed06,2026-04-03,11:36:42,-07:00,2026-04-03T11:36:42-07:00,6,3
CV/index.html,40,html,d9640e5d,nkanthed06,2026-04-03,11:36:42,-07:00,2026-04-03T11:36:42-07:00,5,8
CV/index.html,41,html,d9640e5d,nkanthed06,2026-04-03,11:36:42,-07:00,2026-04-03T11:36:42-07:00,4,8
CV/index.html,42,html,d9640e5d,nkanthed06,2026-04-03,11:36:42,-07:00,2026-04-03T11:36:42-07:00,2,0
CV/index.html,43,html,d9640e5d,nkanthed06,2026-04-03,11:36:42,-07:00,2026-04-03T11:36:42-07:00,4,7
CV/index.html,44,html,d9640e5d,nkanthed06,2026-04-03,11:36:42,-07:00,2026-04-03T11:36:42-07:00,5,17
CV/index.html,45,html,d9640e5d,nkanthed06,2026-04-03,11:36:42,-07:00,2026-04-03T11:36:42-07:00,2,0
CV/index.html,46,html,d9640e5d,nkanthed06,2026-04-03,11:36:42,-07:00,2026-04-03T11:36:42-07:00,5,7
CV/index.html,47,html,d9640e5d,nkanthed06,2026-04-03,11:36:42,-07:00,2026-04-03T11:36:42-07:00,6,6
CV/index.html,48,html,d9640e5d,nkanthed06,2026-04-03,11:36:42,-07:00,2026-04-03T11:36:42-07:00,7,57
CV/index.html,49,html,d9640e5d,nkanthed06,2026-04-03,11:36:42,-07:00,2026-04-03T11:36:42-07:00,7,18
CV/index.html,50,html,d9640e5d,nkanthed06,2026-04-03,11:36:42,-07:00,2026-04-03T11:36:42-07:00,7,39
CV/index.html,51,html,d9640e5d,nkanthed06,2026-04-03,11:36:42,-07:00,2026-04-03T11:36:42-07:00,7,88
CV/index.html,52,html,d9640e5d,nkanthed06,2026-04-03,11:36:42,-07:00,2026-04-03T11:36:42-07:00,6,7
CV/index.html,53,html,d9640e5d,nkanthed06,2026-04-03,11:36:42,-07:00,2026-04-03T11:36:42-07:00,6,2
CV/index.html,54,html,d9640e5d,nkanthed06,2026-04-03,11:36:42,-07:00,2026-04-03T11:36:42-07:00,7,127
CV/index.html,55,html,d9640e5d,nkanthed06,2026-04-03,11:36:42,-07:00,2026-04-03T11:36:42-07:00,6,3
CV/index.html,56,html,d9640e5d,nkanthed06,2026-04-03,11:36:42,-07:00,2026-04-03T11:36:42-07:00,5,8
CV/index.html,57,html,d9640e5d,nkanthed06,2026-04-03,11:36:42,-07:00,2026-04-03T11:36:42-07:00,2,0
CV/index.html,58,html,d9640e5d,nkanthed06,2026-04-03,11:36:42,-07:00,2026-04-03T11:36:42-07:00,5,7
CV/index.html,59,html,d9640e5d,nkanthed06,2026-04-03,11:36:42,-07:00,2026-04-03T11:36:42-07:00,6,6
CV/index.html,60,html,d9640e5d,nkanthed06,2026-04-03,11:36:42,-07:00,2026-04-03T11:36:42-07:00,7,20
CV/index.html,61,html,d9640e5d,nkanthed06,2026-04-03,11:36:42,-07:00,2026-04-03T11:36:42-07:00,7,26
CV/index.html,62,html,d9640e5d,nkanthed06,2026-04-03,11:36:42,-07:00,2026-04-03T11:36:42-07:00,7,29
CV/index.html,63,html,d9640e5d,nkanthed06,2026-04-03,11:36:42,-07:00,2026-04-03T11:36:42-07:00,7,56
CV/index.html,64,html,d9640e5d,nkanthed06,2026-04-03,11:36:42,-07:00,2026-04-03T11:36:42-07:00,6,7
CV/index.html,65,html,d9640e5d,nkanthed06,2026-04-03,11:36:42,-07:00,2026-04-03T11:36:42-07:00,6,2
CV/index.html,66,html,d9640e5d,nkanthed06,2026-04-03,11:36:42,-07:00,2026-04-03T11:36:42-07:00,7,129
CV/index.html,67,html,d9640e5d,nkanthed06,2026-04-03,11:36:42,-07:00,2026-04-03T11:36:42-07:00,7,124
CV/index.html,68,html,d9640e5d,nkanthed06,2026-04-03,11:36:42,-07:00,2026-04-03T11:36:42-07:00,7,94
CV/index.html,69,html,d9640e5d,nkanthed06,2026-04-03,11:36:42,-07:00,2026-04-03T11:36:42-07:00,6,3
CV/index.html,70,html,d9640e5d,nkanthed06,2026-04-03,11:36:42,-07:00,2026-04-03T11:36:42-07:00,5,8
CV/index.html,71,html,d9640e5d,nkanthed06,2026-04-03,11:36:42,-07:00,2026-04-03T11:36:42-07:00,2,0
CV/index.html,72,html,d9640e5d,nkanthed06,2026-04-03,11:36:42,-07:00,2026-04-03T11:36:42-07:00,5,7
CV/index.html,73,html,d9640e5d,nkanthed06,2026-04-03,11:36:42,-07:00,2026-04-03T11:36:42-07:00,6,6
CV/index.html,74,html,d9640e5d,nkanthed06,2026-04-03,11:36:42,-07:00,2026-04-03T11:36:42-07:00,7,30
CV/index.html,75,html,d9640e5d,nkanthed06,2026-04-03,11:36:42,-07:00,2026-04-03T11:36:42-07:00,7,25
CV/index.html,76,html,d9640e5d,nkanthed06,2026-04-03,11:36:42,-07:00,2026-04-03T11:36:42-07:00,7,28
CV/index.html,77,html,d9640e5d,nkanthed06,2026-04-03,11:36:42,-07:00,2026-04-03T11:36:42-07:00,7,55
CV/index.html,78,html,d9640e5d,nkanthed06,2026-04-03,11:36:42,-07:00,2026-04-03T11:36:42-07:00,6,7
CV/index.html,79,html,d9640e5d,nkanthed06,2026-04-03,11:36:42,-07:00,2026-04-03T11:36:42-07:00,6,2
CV/index.html,80,html,d9640e5d,nkanthed06,2026-04-03,11:36:42,-07:00,2026-04-03T11:36:42-07:00,7,105
CV/index.html,81,html,d9640e5d,nkanthed06,2026-04-03,11:36:42,-07:00,2026-04-03T11:36:42-07:00,7,59
CV/index.html,82,html,d9640e5d,nkanthed06,2026-04-03,11:36:42,-07:00,2026-04-03T11:36:42-07:00,7,88
CV/index.html,83,html,d9640e5d,nkanthed06,2026-04-03,11:36:42,-07:00,2026-04-03T11:36:42-07:00,6,3
CV/index.html,84,html,d9640e5d,nkanthed06,2026-04-03,11:36:42,-07:00,2026-04-03T11:36:42-07:00,5,8
CV/index.html,85,html,d9640e5d,nkanthed06,2026-04-03,11:36:42,-07:00,2026-04-03T11:36:42-07:00,2,0
CV/index.html,86,html,d9640e5d,nkanthed06,2026-04-03,11:36:42,-07:00,2026-04-03T11:36:42-07:00,5,7
CV/index.html,87,html,d9640e5d,nkanthed06,2026-04-03,11:36:42,-07:00,2026-04-03T11:36:42-07:00,6,6
CV/index.html,88,html,d9640e5d,nkanthed06,2026-04-03,11:36:42,-07:00,2026-04-03T11:36:42-07:00,7,20
CV/index.html,89,html,d9640e5d,nkanthed06,2026-04-03,11:36:42,-07:00,2026-04-03T11:36:42-07:00,7,27
CV/index.html,90,html,d9640e5d,nkanthed06,2026-04-03,11:36:42,-07:00,2026-04-03T11:36:42-07:00,7,39
CV/index.html,91,html,d9640e5d,nkanthed06,2026-04-03,11:36:42,-07:00,2026-04-03T11:36:42-07:00,7,88
CV/index.html,92,html,d9640e5d,nkanthed06,2026-04-03,11:36:42,-07:00,2026-04-03T11:36:42-07:00,6,7
CV/index.html,93,html,d9640e5d,nkanthed06,2026-04-03,11:36:42,-07:00,2026-04-03T11:36:42-07:00,6,2
CV/index.html,94,html,d9640e5d,nkanthed06,2026-04-03,11:36:42,-07:00,2026-04-03T11:36:42-07:00,7,111
CV/index.html,95,html,d9640e5d,nkanthed06,2026-04-03,11:36:42,-07:00,2026-04-03T11:36:42-07:00,7,68
CV/index.html,96,html,d9640e5d,nkanthed06,2026-04-03,11:36:42,-07:00,2026-04-03T11:36:42-07:00,6,3
CV/index.html,97,html,d9640e5d,nkanthed06,2026-04-03,11:36:42,-07:00,2026-04-03T11:36:42-07:00,5,8
CV/index.html,98,html,d9640e5d,nkanthed06,2026-04-03,11:36:42,-07:00,2026-04-03T11:36:42-07:00,2,0
CV/index.html,99,html,d9640e5d,nkanthed06,2026-04-03,11:36:42,-07:00,2026-04-03T11:36:42-07:00,5,7
CV/index.html,100,html,d9640e5d,nkanthed06,2026-04-03,11:36:42,-07:00,2026-04-03T11:36:42-07:00,6,6
CV/index.html,101,html,d9640e5d,nkanthed06,2026-04-03,11:36:42,-07:00,2026-04-03T11:36:42-07:00,7,33
CV/index.html,102,html,d9640e5d,nkanthed06,2026-04-03,11:36:42,-07:00,2026-04-03T11:36:42-07:00,7,11
CV/index.html,103,html,d9640e5d,nkanthed06,2026-04-03,11:36:42,-07:00,2026-04-03T11:36:42-07:00,7,45
CV/index.html,104,html,d9640e5d,nkanthed06,2026-04-03,11:36:42,-07:00,2026-04-03T11:36:42-07:00,7,88
CV/index.html,105,html,d9640e5d,nkanthed06,2026-04-03,11:36:42,-07:00,2026-04-03T11:36:42-07:00,6,7
CV/index.html,106,html,d9640e5d,nkanthed06,2026-04-03,11:36:42,-07:00,2026-04-03T11:36:42-07:00,6,2
CV/index.html,107,html,d9640e5d,nkanthed06,2026-04-03,11:36:42,-07:00,2026-04-03T11:36:42-07:00,7,84
CV/index.html,108,html,d9640e5d,nkanthed06,2026-04-03,11:36:42,-07:00,2026-04-03T11:36:42-07:00,7,90
CV/index.html,109,html,d9640e5d,nkanthed06,2026-04-03,11:36:42,-07:00,2026-04-03T11:36:42-07:00,6,3
CV/index.html,110,html,d9640e5d,nkanthed06,2026-04-03,11:36:42,-07:00,2026-04-03T11:36:42-07:00,5,8
CV/index.html,111,html,d9640e5d,nkanthed06,2026-04-03,11:36:42,-07:00,2026-04-03T11:36:42-07:00,4,8
CV/index.html,112,html,d9640e5d,nkanthed06,2026-04-03,11:36:42,-07:00,2026-04-03T11:36:42-07:00,2,0
CV/index.html,113,html,d9640e5d,nkanthed06,2026-04-03,11:36:42,-07:00,2026-04-03T11:36:42-07:00,4,7
CV/index.html,114,html,d9640e5d,nkanthed06,2026-04-03,11:36:42,-07:00,2026-04-03T11:36:42-07:00,5,15
CV/index.html,115,html,d9640e5d,nkanthed06,2026-04-03,11:36:42,-07:00,2026-04-03T11:36:42-07:00,2,0
CV/index.html,116,html,d9640e5d,nkanthed06,2026-04-03,11:36:42,-07:00,2026-04-03T11:36:42-07:00,5,7
CV/index.html,117,html,d9640e5d,nkanthed06,2026-04-03,11:36:42,-07:00,2026-04-03T11:36:42-07:00,6,6
CV/index.html,118,html,d9640e5d,nkanthed06,2026-04-03,11:36:42,-07:00,2026-04-03T11:36:42-07:00,7,16
CV/index.html,119,html,d9640e5d,nkanthed06,2026-04-03,11:36:42,-07:00,2026-04-03T11:36:42-07:00,7,40
CV/index.html,120,html,d9640e5d,nkanthed06,2026-04-03,11:36:42,-07:00,2026-04-03T11:36:42-07:00,7,46
CV/index.html,121,html,d9640e5d,nkanthed06,2026-04-03,11:36:42,-07:00,2026-04-03T11:36:42-07:00,6,7
CV/index.html,122,html,d9640e5d,nkanthed06,2026-04-03,11:36:42,-07:00,2026-04-03T11:36:42-07:00,6,2
CV/index.html,123,html,d9640e5d,nkanthed06,2026-04-03,11:36:42,-07:00,2026-04-03T11:36:42-07:00,7,88
CV/index.html,124,html,d9640e5d,nkanthed06,2026-04-03,11:36:42,-07:00,2026-04-03T11:36:42-07:00,7,86
CV/index.html,125,html,d9640e5d,nkanthed06,2026-04-03,11:36:42,-07:00,2026-04-03T11:36:42-07:00,6,3
CV/index.html,126,html,d9640e5d,nkanthed06,2026-04-03,11:36:42,-07:00,2026-04-03T11:36:42-07:00,5,8
CV/index.html,127,html,d9640e5d,nkanthed06,2026-04-03,11:36:42,-07:00,2026-04-03T11:36:42-07:00,2,0
CV/index.html,128,html,d9640e5d,nkanthed06,2026-04-03,11:36:42,-07:00,2026-04-03T11:36:42-07:00,5,7
CV/index.html,129,html,d9640e5d,nkanthed06,2026-04-03,11:36:42,-07:00,2026-04-03T11:36:42-07:00,6,6
CV/index.html,130,html,d9640e5d,nkanthed06,2026-04-03,11:36:42,-07:00,2026-04-03T11:36:42-07:00,7,28
CV/index.html,131,html,d9640e5d,nkanthed06,2026-04-03,11:36:42,-07:00,2026-04-03T11:36:42-07:00,7,53
CV/index.html,132,html,d9640e5d,nkanthed06,2026-04-03,11:36:42,-07:00,2026-04-03T11:36:42-07:00,7,88
CV/index.html,133,html,d9640e5d,nkanthed06,2026-04-03,11:36:42,-07:00,2026-04-03T11:36:42-07:00,6,7
CV/index.html,134,html,d9640e5d,nkanthed06,2026-04-03,11:36:42,-07:00,2026-04-03T11:36:42-07:00,6,2
CV/index.html,135,html,d9640e5d,nkanthed06,2026-04-03,11:36:42,-07:00,2026-04-03T11:36:42-07:00,7,79
CV/index.html,136,html,d9640e5d,nkanthed06,2026-04-03,11:36:42,-07:00,2026-04-03T11:36:42-07:00,7,84
CV/index.html,137,html,d9640e5d,nkanthed06,2026-04-03,11:36:42,-07:00,2026-04-03T11:36:42-07:00,6,3
CV/index.html,138,html,d9640e5d,nkanthed06,2026-04-03,11:36:42,-07:00,2026-04-03T11:36:42-07:00,5,8
CV/index.html,139,html,d9640e5d,nkanthed06,2026-04-03,11:36:42,-07:00,2026-04-03T11:36:42-07:00,4,8
CV/index.html,140,html,d9640e5d,nkanthed06,2026-04-03,11:36:42,-07:00,2026-04-03T11:36:42-07:00,2,0
CV/index.html,141,html,d9640e5d,nkanthed06,2026-04-03,11:36:42,-07:00,2026-04-03T11:36:42-07:00,4,7
CV/index.html,142,html,d9640e5d,nkanthed06,2026-04-03,11:36:42,-07:00,2026-04-03T11:36:42-07:00,5,32
CV/index.html,143,html,d9640e5d,nkanthed06,2026-04-03,11:36:42,-07:00,2026-04-03T11:36:42-07:00,5,7
CV/index.html,144,html,d9640e5d,nkanthed06,2026-04-03,11:36:42,-07:00,2026-04-03T11:36:42-07:00,6,6
CV/index.html,145,html,d9640e5d,nkanthed06,2026-04-03,11:36:42,-07:00,2026-04-03T11:36:42-07:00,7,29
CV/index.html,146,html,d9640e5d,nkanthed06,2026-04-03,11:36:42,-07:00,2026-04-03T11:36:42-07:00,7,25
CV/index.html,147,html,d9640e5d,nkanthed06,2026-04-03,11:36:42,-07:00,2026-04-03T11:36:42-07:00,7,32
CV/index.html,148,html,d9640e5d,nkanthed06,2026-04-03,11:36:42,-07:00,2026-04-03T11:36:42-07:00,7,55
CV/index.html,149,html,d9640e5d,nkanthed06,2026-04-03,11:36:42,-07:00,2026-04-03T11:36:42-07:00,6,7
CV/index.html,150,html,d9640e5d,nkanthed06,2026-04-03,11:36:42,-07:00,2026-04-03T11:36:42-07:00,6,2
CV/index.html,151,html,d9640e5d,nkanthed06,2026-04-03,11:36:42,-07:00,2026-04-03T11:36:42-07:00,7,64
CV/index.html,152,html,d9640e5d,nkanthed06,2026-04-03,11:36:42,-07:00,2026-04-03T11:36:42-07:00,7,64
CV/index.html,153,html,d9640e5d,nkanthed06,2026-04-03,11:36:42,-07:00,2026-04-03T11:36:42-07:00,6,3
CV/index.html,154,html,d9640e5d,nkanthed06,2026-04-03,11:36:42,-07:00,2026-04-03T11:36:42-07:00,5,8
CV/index.html,155,html,d9640e5d,nkanthed06,2026-04-03,11:36:42,-07:00,2026-04-03T11:36:42-07:00,4,8
CV/index.html,156,html,d9640e5d,nkanthed06,2026-04-03,11:36:42,-07:00,2026-04-03T11:36:42-07:00,2,0
CV/index.html,157,html,d9640e5d,nkanthed06,2026-04-03,11:36:42,-07:00,2026-04-03T11:36:42-07:00,4,7
CV/index.html,158,html,d9640e5d,nkanthed06,2026-04-03,11:36:42,-07:00,2026-04-03T11:36:42-07:00,5,13
CV/index.html,159,html,d9640e5d,nkanthed06,2026-04-03,11:36:42,-07:00,2026-04-03T11:36:42-07:00,5,7
CV/index.html,160,html,d9640e5d,nkanthed06,2026-04-03,11:36:42,-07:00,2026-04-03T11:36:42-07:00,6,28
CV/index.html,161,html,d9640e5d,nkanthed06,2026-04-03,11:36:42,-07:00,2026-04-03T11:36:42-07:00,6,56
CV/index.html,162,html,d9640e5d,nkanthed06,2026-04-03,11:36:42,-07:00,2026-04-03T11:36:42-07:00,5,8
CV/index.html,163,html,d9640e5d,nkanthed06,2026-04-03,11:36:42,-07:00,2026-04-03T11:36:42-07:00,2,0
CV/index.html,164,html,d9640e5d,nkanthed06,2026-04-03,11:36:42,-07:00,2026-04-03T11:36:42-07:00,5,7
CV/index.html,165,html,d9640e5d,nkanthed06,2026-04-03,11:36:42,-07:00,2026-04-03T11:36:42-07:00,6,27
CV/index.html,166,html,d9640e5d,nkanthed06,2026-04-03,11:36:42,-07:00,2026-04-03T11:36:42-07:00,6,218
CV/index.html,167,html,d9640e5d,nkanthed06,2026-04-03,11:36:42,-07:00,2026-04-03T11:36:42-07:00,5,8
CV/index.html,168,html,d9640e5d,nkanthed06,2026-04-03,11:36:42,-07:00,2026-04-03T11:36:42-07:00,4,8
CV/index.html,169,html,d9640e5d,nkanthed06,2026-04-03,11:36:42,-07:00,2026-04-03T11:36:42-07:00,3,5
CV/index.html,170,html,863ed583,nkanthed06,2026-04-16,15:49:28,-07:00,2026-04-16T15:49:28-07:00,0,0
CV/index.html,171,html,066b960f,nkanthed06,2026-04-24,19:42:35,-07:00,2026-04-24T19:42:35-07:00,3,48
CV/index.html,172,html,d9640e5d,nkanthed06,2026-04-03,11:36:42,-07:00,2026-04-03T11:36:42-07:00,2,0
CV/index.html,173,html,d9640e5d,nkanthed06,2026-04-03,11:36:42,-07:00,2026-04-03T11:36:42-07:00,2,0
CV/index.html,174,html,d9640e5d,nkanthed06,2026-04-03,11:36:42,-07:00,2026-04-03T11:36:42-07:00,0,5
CV/index.html,175,html,d9640e5d,nkanthed06,2026-04-03,11:36:42,-07:00,2026-04-03T11:36:42-07:00,0,5
